{
  "status": "ok",
  "dataset": "hydraulic",
  "target": "valve",
  "task": "hydraulic_component_state_valve",
  "variant": "full",
  "seed": 42,
  "protocol": "ready_csv_causal_windows_same_backbone",
  "n_rows_total": 2205,
  "n_features": 82,
  "window_size": 8,
  "train_size": 64,
  "val_size": 64,
  "test_size": 64,
  "class_id_mapping": {
    "0": 73,
    "1": 80,
    "2": 90,
    "3": 100
  },
  "class_distribution_total": {
    "73": 360,
    "80": 360,
    "90": 360,
    "100": 1125
  },
  "val_metrics": {
    "accuracy": 0.28125,
    "balanced_accuracy": 0.28125,
    "macro_f1": 0.18941176470588236,
    "macro_precision": 0.39814814814814814,
    "macro_recall": 0.28125,
    "positive_f1": 0.18941176470588236,
    "positive_precision": 0.39814814814814814,
    "positive_recall": 0.28125
  },
  "test_metrics": {
    "accuracy": 0.21875,
    "balanced_accuracy": 0.21875,
    "macro_f1": 0.1111111111111111,
    "macro_precision": 0.08928571428571429,
    "macro_recall": 0.21875,
    "positive_f1": 0.1111111111111111,
    "positive_precision": 0.08928571428571429,
    "positive_recall": 0.21875
  },
  "efficiency": {
    "parameters": 14272,
    "train_seconds": 0.06578309996984899,
    "train_samples_per_second": 972.8942544412432,
    "test_inference_seconds": 0.021078299963846803,
    "test_inference_samples_per_second": 3036.297998879031
  },
  "diagnostics": {
    "model_family": "ms_gse_rpf",
    "parameters": 14272,
    "epochs": 1,
    "batch_size": 64,
    "loss_tail": [
      1.4091596603393555
    ],
    "val_macro_f1_history_tail": [
      0.18941176470588236
    ],
    "best_val_macro_f1": 0.18941176470588236,
    "train_seconds": 0.06578309996984899,
    "train_samples_per_second": 972.8942544412432,
    "validation_diagnostics": {
      "mean_edge_weight": 0.5658068656921387,
      "mean_path_reliability": 0.5311452150344849,
      "mean_path_entropy": 1.2363225221633911,
      "inference_seconds": 0.0214411998167634,
      "inference_samples_per_second": 2984.9075866530006
    },
    "test_diagnostics": {
      "mean_edge_weight": 0.5706065893173218,
      "mean_path_reliability": 0.5339674353599548,
      "mean_path_entropy": 1.2441279888153076,
      "inference_seconds": 0.021078299963846803,
      "inference_samples_per_second": 3036.297998879031
    },
    "config": {
      "hidden_dim": 8,
      "scales": [
        3,
        5,
        9
      ],
      "graph_top_k": 2,
      "max_paths": 4,
      "use_graph": true,
      "use_reliability": true,
      "use_path_fusion": true
    }
  }
}
