{
  "status": "ok",
  "dataset": "skab",
  "target": "anomaly",
  "task": "skab_binary_anomaly_detection",
  "variant": "no_graph",
  "seed": 42,
  "protocol": "ready_csv_causal_windows_same_backbone",
  "n_rows_total": 14929,
  "n_features": 8,
  "window_size": 48,
  "train_size": 8000,
  "val_size": 1835,
  "test_size": 4120,
  "class_id_mapping": {
    "0": 0,
    "1": 1
  },
  "class_distribution_total": {
    "0": 9688,
    "1": 5241
  },
  "val_metrics": {
    "accuracy": 0.9683923705722071,
    "balanced_accuracy": 0.9551437814521926,
    "macro_f1": 0.961223505339738,
    "macro_precision": 0.9678825654335732,
    "macro_recall": 0.9551437814521926,
    "positive_f1": 0.9445506692160612,
    "positive_precision": 0.9667318982387475,
    "positive_recall": 0.9233644859813084
  },
  "test_metrics": {
    "accuracy": 0.7638349514563106,
    "balanced_accuracy": 0.7141341943604353,
    "macro_f1": 0.7247220635393798,
    "macro_precision": 0.7585687149753468,
    "macro_recall": 0.7141341943604353,
    "positive_f1": 0.6209583171016752,
    "positive_precision": 0.7476547842401501,
    "positive_recall": 0.5309793471019321
  },
  "positive_threshold": 0.42000000000000004,
  "thresholded_val_metrics": {
    "accuracy": 0.9678474114441417,
    "balanced_accuracy": 0.9624586628324946,
    "macro_f1": 0.9611901241206255,
    "macro_precision": 0.95994565994566,
    "macro_recall": 0.9624586628324946,
    "positive_f1": 0.9451162790697675,
    "positive_precision": 0.9407407407407408,
    "positive_recall": 0.9495327102803738
  },
  "thresholded_test_metrics": {
    "accuracy": 0.7456310679611651,
    "balanced_accuracy": 0.7127558336443135,
    "macro_f1": 0.7176972227917701,
    "macro_precision": 0.7260192123566147,
    "macro_recall": 0.7127558336443135,
    "positive_f1": 0.6288951841359773,
    "positive_precision": 0.671201814058957,
    "positive_recall": 0.5916055962691539
  },
  "primary_test_metrics": {
    "accuracy": 0.7456310679611651,
    "balanced_accuracy": 0.7127558336443135,
    "macro_f1": 0.7176972227917701,
    "macro_precision": 0.7260192123566147,
    "macro_recall": 0.7127558336443135,
    "positive_f1": 0.6288951841359773,
    "positive_precision": 0.671201814058957,
    "positive_recall": 0.5916055962691539
  },
  "efficiency": {
    "parameters": 66246,
    "train_seconds": 269.71752869989723,
    "train_samples_per_second": 1186.4264126342707,
    "test_inference_seconds": 1.2829781000036746,
    "test_inference_samples_per_second": 3211.27850895366
  },
  "top_evidence_paths": [
    {
      "source_index": 7,
      "target_index": 1,
      "count": 4120,
      "mean_weight": 0.25444078497312855,
      "mean_reliability": 0.4957845584028265,
      "mean_edge_weight": 0.0,
      "source": "Volume Flow RateRMS",
      "target": "Accelerometer2RMS",
      "path": "Volume Flow RateRMS -> Accelerometer2RMS"
    },
    {
      "source_index": 4,
      "target_index": 1,
      "count": 4120,
      "mean_weight": 0.13294236022437633,
      "mean_reliability": 0.27749099695639123,
      "mean_edge_weight": 0.0,
      "source": "Temperature",
      "target": "Accelerometer2RMS",
      "path": "Temperature -> Accelerometer2RMS"
    },
    {
      "source_index": 7,
      "target_index": 0,
      "count": 4120,
      "mean_weight": 0.12635271407480722,
      "mean_reliability": 0.3830477023533392,
      "mean_edge_weight": 0.0,
      "source": "Volume Flow RateRMS",
      "target": "Accelerometer1RMS",
      "path": "Volume Flow RateRMS -> Accelerometer1RMS"
    },
    {
      "source_index": 5,
      "target_index": 1,
      "count": 4120,
      "mean_weight": 0.11968911459558707,
      "mean_reliability": 0.35179727216730416,
      "mean_edge_weight": 0.0,
      "source": "Thermocouple",
      "target": "Accelerometer2RMS",
      "path": "Thermocouple -> Accelerometer2RMS"
    },
    {
      "source_index": 0,
      "target_index": 1,
      "count": 4120,
      "mean_weight": 0.05684133429081378,
      "mean_reliability": 0.3222566256824049,
      "mean_edge_weight": 0.0,
      "source": "Accelerometer1RMS",
      "target": "Accelerometer2RMS",
      "path": "Accelerometer1RMS -> Accelerometer2RMS"
    },
    {
      "source_index": 5,
      "target_index": 0,
      "count": 4120,
      "mean_weight": 0.04695527513999745,
      "mean_reliability": 0.34378991408038484,
      "mean_edge_weight": 0.0,
      "source": "Thermocouple",
      "target": "Accelerometer1RMS",
      "path": "Thermocouple -> Accelerometer1RMS"
    },
    {
      "source_index": 3,
      "target_index": 7,
      "count": 4120,
      "mean_weight": 0.04401233046397836,
      "mean_reliability": 0.37417217926890817,
      "mean_edge_weight": 0.0,
      "source": "Pressure",
      "target": "Volume Flow RateRMS",
      "path": "Pressure -> Volume Flow RateRMS"
    },
    {
      "source_index": 4,
      "target_index": 0,
      "count": 4120,
      "mean_weight": 0.03625598986219452,
      "mean_reliability": 0.30344159176518903,
      "mean_edge_weight": 0.0,
      "source": "Temperature",
      "target": "Accelerometer1RMS",
      "path": "Temperature -> Accelerometer1RMS"
    },
    {
      "source_index": 1,
      "target_index": 0,
      "count": 4120,
      "mean_weight": 0.032475203240812454,
      "mean_reliability": 0.2924005686368757,
      "mean_edge_weight": 0.0,
      "source": "Accelerometer2RMS",
      "target": "Accelerometer1RMS",
      "path": "Accelerometer2RMS -> Accelerometer1RMS"
    },
    {
      "source_index": 3,
      "target_index": 1,
      "count": 4120,
      "mean_weight": 0.030643184141038907,
      "mean_reliability": 0.3808334453492561,
      "mean_edge_weight": 0.0,
      "source": "Pressure",
      "target": "Accelerometer2RMS",
      "path": "Pressure -> Accelerometer2RMS"
    },
    {
      "source_index": 0,
      "target_index": 2,
      "count": 4120,
      "mean_weight": 0.02770729125437815,
      "mean_reliability": 0.31042228622488605,
      "mean_edge_weight": 0.0,
      "source": "Accelerometer1RMS",
      "target": "Current",
      "path": "Accelerometer1RMS -> Current"
    },
    {
      "source_index": 3,
      "target_index": 0,
      "count": 4120,
      "mean_weight": 0.027087284337253947,
      "mean_reliability": 0.2915923960000566,
      "mean_edge_weight": 0.0,
      "source": "Pressure",
      "target": "Accelerometer1RMS",
      "path": "Pressure -> Accelerometer1RMS"
    },
    {
      "source_index": 2,
      "target_index": 1,
      "count": 4120,
      "mean_weight": 0.020830755627070423,
      "mean_reliability": 0.26883766599614356,
      "mean_edge_weight": 0.0,
      "source": "Current",
      "target": "Accelerometer2RMS",
      "path": "Current -> Accelerometer2RMS"
    },
    {
      "source_index": 6,
      "target_index": 1,
      "count": 4120,
      "mean_weight": 0.01914179596656626,
      "mean_reliability": 0.32129218291889117,
      "mean_edge_weight": 0.0,
      "source": "Voltage",
      "target": "Accelerometer2RMS",
      "path": "Voltage -> Accelerometer2RMS"
    },
    {
      "source_index": 2,
      "target_index": 0,
      "count": 4120,
      "mean_weight": 0.015209695218086867,
      "mean_reliability": 0.2620552060456531,
      "mean_edge_weight": 0.0,
      "source": "Current",
      "target": "Accelerometer1RMS",
      "path": "Current -> Accelerometer1RMS"
    },
    {
      "source_index": 6,
      "target_index": 0,
      "count": 4120,
      "mean_weight": 0.009414885185890067,
      "mean_reliability": 0.2305738799509059,
      "mean_edge_weight": 0.0,
      "source": "Voltage",
      "target": "Accelerometer1RMS",
      "path": "Voltage -> Accelerometer1RMS"
    }
  ],
  "diagnostics": {
    "model_family": "ms_gse_rpf",
    "parameters": 66246,
    "epochs": 40,
    "batch_size": 256,
    "loss_tail": [
      0.09761615295428783,
      0.08986297552473843,
      0.0988242314197123,
      0.08860302134416997,
      0.08003581978846341
    ],