{
  "status": "ok",
  "dataset": "skab",
  "target": "anomaly",
  "task": "skab_binary_anomaly_detection",
  "variant": "no_path_fusion",
  "seed": 42,
  "protocol": "ready_csv_causal_windows_same_backbone",
  "n_rows_total": 14929,
  "n_features": 8,
  "window_size": 48,
  "train_size": 8000,
  "val_size": 1835,
  "test_size": 4120,
  "class_id_mapping": {
    "0": 0,
    "1": 1
  },
  "class_distribution_total": {
    "0": 9688,
    "1": 5241
  },
  "val_metrics": {
    "accuracy": 0.9901907356948229,
    "balanced_accuracy": 0.9881272465851905,
    "macro_f1": 0.9881272465851905,
    "macro_precision": 0.9881272465851905,
    "macro_recall": 0.9881272465851905,
    "positive_f1": 0.983177570093458,
    "positive_precision": 0.983177570093458,
    "positive_recall": 0.983177570093458
  },
  "test_metrics": {
    "accuracy": 0.7089805825242719,
    "balanced_accuracy": 0.7113723853182771,
    "macro_f1": 0.6987569274631138,
    "macro_precision": 0.6976710438671615,
    "macro_recall": 0.7113723853182771,
    "positive_f1": 0.6432609342457601,
    "positive_precision": 0.5811827956989247,
    "positive_recall": 0.7201865423051299
  },
  "positive_threshold": 0.41000000000000003,
  "thresholded_val_metrics": {
    "accuracy": 0.9918256130790191,
    "balanced_accuracy": 0.9920309130122215,
    "macro_f1": 0.9901438090767193,
    "macro_precision": 0.9883056081140857,
    "macro_recall": 0.9920309130122215,
    "positive_f1": 0.9860724233983287,
    "positive_precision": 0.9797047970479705,
    "positive_recall": 0.9925233644859813
  },
  "thresholded_test_metrics": {
    "accuracy": 0.6895631067961165,
    "balanced_accuracy": 0.6985167582054881,
    "macro_f1": 0.6817634580688021,
    "macro_precision": 0.6842198817620682,
    "macro_recall": 0.6985167582054881,
    "positive_f1": 0.6319424460431655,
    "positive_precision": 0.5562310030395137,
    "positive_recall": 0.7315123251165889
  },
  "primary_test_metrics": {
    "accuracy": 0.6895631067961165,
    "balanced_accuracy": 0.6985167582054881,
    "macro_f1": 0.6817634580688021,
    "macro_precision": 0.6842198817620682,
    "macro_recall": 0.6985167582054881,
    "positive_f1": 0.6319424460431655,
    "positive_precision": 0.5562310030395137,
    "positive_recall": 0.7315123251165889
  },
  "efficiency": {
    "parameters": 66246,
    "train_seconds": 248.2272338999901,
    "train_samples_per_second": 1289.1413845788045,
    "test_inference_seconds": 1.1408840999938548,
    "test_inference_samples_per_second": 3611.2344803667543
  },
  "top_evidence_paths": [],
  "diagnostics": {
    "model_family": "ms_gse_rpf",
    "parameters": 66246,
    "epochs": 40,
    "batch_size": 256,
    "loss_tail": [
      0.10442586638964713,
      0.10991083504632115,
      0.10541015584021807,
      0.11219866701867431,
      0.10262448771391064
    ],
    "val_macro_f1_history_tail": [
      0.9370343137254902,
      0.9662299309226444,
      0.9176706384230655,
      0.9346688508051293,
      0.9049338855643998
    ],
    "best_val_macro_f1": 0.9881272465851905,
    "train_seconds": 248.2272338999901,
    "train_samples_per_second": 1289.1413845788045,
    "validation_diagnostics": {
      "mean_edge_weight": null,
      "mean_path_reliability": null,
      "mean_path_entropy": null,
      "inference_seconds": 0.4976544000674039,
      "inference_samples_per_second": 3687.2978511823903,
      "top_path_index_pairs": []
    },
    "test_diagnostics": {
      "mean_edge_weight": null,
      "mean_path_reliability": null,
      "mean_path_entropy": null,
      "inference_seconds": 1.1408840999938548,
      "inference_samples_per_second": 3611.2344803667543,
      "top_path_index_pairs": []
    },
    "config": {
      "hidden_dim": 64,
      "scales": [
        3,
        5,
        9
      ],
      "graph_top_k": 4,
      "max_paths": 16,
      "use_graph": true,
      "use_reliability": true,
      "use_path_fusion": false,
      "use_residual_evidence": false
    }
  }
}
