{
  "status": "ok",
  "model": "MS-GSE + RPF",
  "variant": "no_path_fusion",
  "runs": [
    {
      "status": "ok",
      "dataset": "skab",
      "target": "anomaly",
      "task": "skab_binary_anomaly_detection",
      "variant": "no_path_fusion",
      "seed": 42,
      "protocol": "ready_csv_causal_windows_same_backbone",
      "n_rows_total": 46806,
      "n_features": 8,
      "window_size": 48,
      "train_size": 8000,
      "val_size": 6530,
      "test_size": 8000,
      "class_id_mapping": {
        "0": 0,
        "1": 1
      },
      "class_distribution_total": {
        "0": 33739,
        "1": 13067
      },
      "evidence_prior": {
        "enabled": false,
        "mode": "none",
        "matched_edges": 0
      },
      "val_metrics": {
        "accuracy": 0.5797856049004594,
        "balanced_accuracy": 0.6237174396305563,
        "macro_f1": 0.5783274238727273,
        "macro_precision": 0.6159029471879739,
        "macro_recall": 0.6237174396305563,
        "positive_f1": 0.5535307517084282,
        "positive_precision": 0.43448275862068964,
        "positive_recall": 0.7624383684446436
      },
      "test_metrics": {
        "accuracy": 0.54425,
        "balanced_accuracy": 0.5667203342725164,
        "macro_f1": 0.5420856391538129,
        "macro_precision": 0.5710388832956926,
        "macro_recall": 0.5667203342725164,
        "positive_f1": 0.5735672514619883,
        "positive_precision": 0.47704280155642026,
        "positive_recall": 0.7190615835777127
      },
      "positive_threshold": 0.51,
      "thresholded_val_metrics": {
        "accuracy": 0.6033690658499234,
        "balanced_accuracy": 0.630524292964632,
        "macro_f1": 0.5981525476387639,
        "macro_precision": 0.6183673131699937,
        "macro_recall": 0.630524292964632,
        "positive_f1": 0.5523677843069478,
        "positive_precision": 0.44950773558368495,
        "positive_recall": 0.7162707306140744
      },
      "thresholded_test_metrics": {
        "accuracy": 0.5495,
        "balanced_accuracy": 0.5650004152850452,
        "macro_f1": 0.5492867844794829,
        "macro_precision": 0.5659937686750339,
        "macro_recall": 0.5650004152850452,
        "positive_f1": 0.5590897969170541,
        "positive_precision": 0.4796389588581024,
        "positive_recall": 0.6700879765395894
      },
      "primary_test_metrics": {
        "accuracy": 0.5495,
        "balanced_accuracy": 0.5650004152850452,
        "macro_f1": 0.5492867844794829,
        "macro_precision": 0.5659937686750339,
        "macro_recall": 0.5650004152850452,
        "positive_f1": 0.5590897969170541,
        "positive_precision": 0.4796389588581024,
        "positive_recall": 0.6700879765395894
      },
      "efficiency": {
        "parameters": 66374,
        "train_seconds": 348.0392628000118,
        "train_samples_per_second": 919.4364952550668,
        "test_inference_seconds": 2.8117374000139534,
        "test_inference_samples_per_second": 2845.2159152416934
      },
      "top_evidence_paths": [],
      "diagnostics": {
        "model_family": "ms_gse_rpf",
        "parameters": 66374,
        "epochs": 40,
        "batch_size": 256,
        "loss_tail": [
          0.3317981334403157,
          0.3279335433617234,
          0.33480382058769464,
          0.32017540372908115,
          0.3173015220090747
        ],
        "val_macro_f1_history_tail": [
          0.4260182971500466,
          0.4902201782529192,
          0.5783274238727273,
          0.4366992944551821,
          0.4117422528769731
        ],
        "best_val_macro_f1": 0.5783274238727273,
        "train_seconds": 348.0392628000118,
        "train_samples_per_second": 919.4364952550668,
        "validation_diagnostics": {
          "mean_edge_weight": null,
          "mean_path_reliability": null,
          "mean_path_prior_weight": null,
          "mean_path_entropy": null,
          "inference_seconds": 2.260793099878356,
          "inference_samples_per_second": 2888.3669188265626,
          "top_path_index_pairs": []
        },
        "test_diagnostics": {
          "mean_edge_weight": null,
          "mean_path_reliability": null,
          "mean_path_prior_weight": null,
          "mean_path_entropy": null,
          "inference_seconds": 2.8117374000139534,
          "inference_samples_per_second": 2845.2159152416934,
          "top_path_index_pairs": []
        },
        "config": {
          "hidden_dim": 64,
          "scales": [
            3,
            5,
            9
          ],
          "graph_top_k": 4,
          "max_paths": 16,
          "use_graph": true,
          "use_reliability": true,
          "use_path_fusion": false,
          "use_residual_evidence": false,
          "prior_strength": 0.0
        }
      }
    }
  ],
  "summary": {
    "skab:anomaly:no_path_fusion": {
      "n_runs": 1,
      "macro_f1_mean": 0.5492867844794829,
      "macro_f1_std": 0.0,
      "balanced_accuracy_mean": 0.5650004152850452,
      "balanced_accuracy_std": 0.0,
      "test_inference_samples_per_second_mean": 2845.2159152416934
    }
  }
}
