{
  "status": "ok",
  "dataset": "tep",
  "target": "event_quality_class_id",
  "task": "tep_fault_diagnosis",
  "variant": "full",
  "seed": 42,
  "protocol": "ready_csv_causal_windows_same_backbone",
  "n_rows_total": 31700,
  "n_features": 52,
  "window_size": 8,
  "train_size": 64,
  "val_size": 64,
  "test_size": 64,
  "class_id_mapping": {
    "0": 0,
    "1": 1,
    "2": 2,
    "3": 3,
    "4": 4,
    "5": 5,
    "6": 6,
    "7": 7,
    "8": 8,
    "9": 9,
    "10": 10,
    "11": 11,
    "12": 12,
    "13": 13,
    "14": 14,
    "15": 15,
    "16": 16,
    "17": 17,
    "18": 18,
    "19": 19,
    "20": 20,
    "21": 21
  },
  "class_distribution_total": {
    "0": 4820,
    "1": 1280,
    "2": 1280,
    "3": 1280,
    "4": 1280,
    "5": 1280,
    "6": 1280,
    "7": 1280,
    "8": 1280,
    "9": 1280,
    "10": 1280,
    "11": 1280,
    "12": 1280,
    "13": 1280,
    "14": 1280,
    "15": 1280,
    "16": 1280,
    "17": 1280,
    "18": 1280,
    "19": 1280,
    "20": 1280,
    "21": 1280
  },
  "val_metrics": {
    "accuracy": 0.03125,
    "balanced_accuracy": 0.03787878787878787,
    "macro_f1": 0.0066263659614043255,
    "macro_precision": 0.003693181818181818,
    "macro_recall": 0.03787878787878787,
    "positive_f1": 0.0066263659614043255,
    "positive_precision": 0.003693181818181818,
    "positive_recall": 0.03787878787878787
  },
  "test_metrics": {
    "accuracy": 0.03125,
    "balanced_accuracy": 0.031818181818181815,
    "macro_f1": 0.006040800158447218,
    "macro_precision": 0.0034865702479338844,
    "macro_recall": 0.031818181818181815,
    "positive_f1": 0.006040800158447218,
    "positive_precision": 0.0034865702479338844,
    "positive_recall": 0.031818181818181815
  },
  "efficiency": {
    "parameters": 9634,
    "train_seconds": 0.058583199977874756,
    "train_samples_per_second": 1092.4633687502735,
    "test_inference_seconds": 0.012092299992218614,
    "test_inference_samples_per_second": 5292.624235355057
  },
  "diagnostics": {
    "model_family": "ms_gse_rpf",
    "parameters": 9634,
    "epochs": 1,
    "batch_size": 64,
    "loss_tail": [
      3.120635747909546
    ],
    "val_macro_f1_history_tail": [
      0.0066263659614043255
    ],
    "best_val_macro_f1": 0.0066263659614043255,
    "train_seconds": 0.058583199977874756,
    "train_samples_per_second": 1092.4633687502735,
    "validation_diagnostics": {
      "mean_edge_weight": 0.5556840896606445,
      "mean_path_reliability": 0.5195178389549255,
      "mean_path_entropy": 1.3437612056732178,
      "inference_seconds": 0.01191670005209744,
      "inference_samples_per_second": 5370.614324452637
    },
    "test_diagnostics": {
      "mean_edge_weight": 0.5570603609085083,
      "mean_path_reliability": 0.5253919363021851,
      "mean_path_entropy": 1.3484432697296143,
      "inference_seconds": 0.012092299992218614,
      "inference_samples_per_second": 5292.624235355057
    },
    "config": {
      "hidden_dim": 8,
      "scales": [
        3,
        5,
        9
      ],
      "graph_top_k": 2,
      "max_paths": 4,
      "use_graph": true,
      "use_reliability": true,
      "use_path_fusion": true
    }
  }
}
