{
  "status": "ok",
  "dataset": "cmapss",
  "target": "degradation_stage_id",
  "task": "cmapss_degradation_stage_classification",
  "variant": "full",
  "seed": 42,
  "protocol": "ready_csv_causal_windows_same_backbone",
  "n_rows_total": 265256,
  "n_features": 24,
  "window_size": 8,
  "train_size": 64,
  "val_size": 64,
  "test_size": 64,
  "class_id_mapping": {
    "0": 0,
    "1": 1,
    "2": 2
  },
  "class_distribution_total": {
    "0": 140206,
    "1": 91625,
    "2": 33425
  },
  "val_metrics": {
    "accuracy": 0.34375,
    "balanced_accuracy": 0.341991341991342,
    "macro_f1": 0.27357609710550884,
    "macro_precision": 0.22922824302134648,
    "macro_recall": 0.341991341991342,
    "positive_f1": 0.27357609710550884,
    "positive_precision": 0.22922824302134648,
    "positive_recall": 0.341991341991342
  },
  "test_metrics": {
    "accuracy": 0.390625,
    "balanced_accuracy": 0.38888888888888884,
    "macro_f1": 0.3107226107226107,
    "macro_precision": 0.2594771241830065,
    "macro_recall": 0.38888888888888884,
    "positive_f1": 0.3107226107226107,
    "positive_precision": 0.2594771241830065,
    "positive_recall": 0.38888888888888884
  },
  "efficiency": {
    "parameters": 4983,
    "train_seconds": 0.029846600024029613,
    "train_samples_per_second": 2144.297841244006,
    "test_inference_seconds": 0.0052824001759290695,
    "test_inference_samples_per_second": 12115.704579073028
  },
  "diagnostics": {
    "model_family": "ms_gse_rpf",
    "parameters": 4983,
    "epochs": 1,
    "batch_size": 64,
    "loss_tail": [
      1.1333281993865967
    ],
    "val_macro_f1_history_tail": [
      0.27357609710550884
    ],
    "best_val_macro_f1": 0.27357609710550884,
    "train_seconds": 0.029846600024029613,
    "train_samples_per_second": 2144.297841244006,
    "validation_diagnostics": {
      "mean_edge_weight": 0.5638509392738342,
      "mean_path_reliability": 0.5477370023727417,
      "mean_path_entropy": 1.3303883075714111,
      "inference_seconds": 0.008612100034952164,
      "inference_samples_per_second": 7431.404621434532
    },
    "test_diagnostics": {
      "mean_edge_weight": 0.5645715594291687,
      "mean_path_reliability": 0.5440741777420044,
      "mean_path_entropy": 1.327789068222046,
      "inference_seconds": 0.0052824001759290695,
      "inference_samples_per_second": 12115.704579073028
    },
    "config": {
      "hidden_dim": 8,
      "scales": [
        3,
        5,
        9
      ],
      "graph_top_k": 2,
      "max_paths": 4,
      "use_graph": true,
      "use_reliability": true,
      "use_path_fusion": true
    }
  }
}
