{
  "status": "ok",
  "dataset": "hydraulic",
  "target": "cooler",
  "task": "hydraulic_component_state_cooler",
  "variant": "full",
  "seed": 42,
  "protocol": "ready_csv_causal_windows_same_backbone",
  "n_rows_total": 2205,
  "n_features": 82,
  "window_size": 8,
  "train_size": 64,
  "val_size": 64,
  "test_size": 64,
  "class_id_mapping": {
    "0": 3,
    "1": 20,
    "2": 100
  },
  "class_distribution_total": {
    "3": 732,
    "20": 732,
    "100": 741
  },
  "val_metrics": {
    "accuracy": 0.375,
    "balanced_accuracy": 0.3751803751803752,
    "macro_f1": 0.3601620065388181,
    "macro_precision": 0.45098039215686275,
    "macro_recall": 0.3751803751803752,
    "positive_f1": 0.3601620065388181,
    "positive_precision": 0.45098039215686275,
    "positive_recall": 0.3751803751803752
  },
  "test_metrics": {
    "accuracy": 0.3125,
    "balanced_accuracy": 0.3167388167388167,
    "macro_f1": 0.26852713178294574,
    "macro_precision": 0.3197358197358197,
    "macro_recall": 0.3167388167388167,
    "positive_f1": 0.26852713178294574,
    "positive_precision": 0.3197358197358197,
    "positive_recall": 0.3167388167388167
  },
  "efficiency": {
    "parameters": 14263,
    "train_seconds": 0.07154159992933273,
    "train_samples_per_second": 894.5844105138526,
    "test_inference_seconds": 0.021334599936380982,
    "test_inference_samples_per_second": 2999.821894520906
  },
  "diagnostics": {
    "model_family": "ms_gse_rpf",
    "parameters": 14263,
    "epochs": 1,
    "batch_size": 64,
    "loss_tail": [
      1.1268179416656494
    ],
    "val_macro_f1_history_tail": [
      0.3601620065388181
    ],
    "best_val_macro_f1": 0.3601620065388181,
    "train_seconds": 0.07154159992933273,
    "train_samples_per_second": 894.5844105138526,
    "validation_diagnostics": {
      "mean_edge_weight": 0.5667570233345032,
      "mean_path_reliability": 0.5331047773361206,
      "mean_path_entropy": 1.2679400444030762,
      "inference_seconds": 0.021746199810877442,
      "inference_samples_per_second": 2943.0429480367056
    },
    "test_diagnostics": {
      "mean_edge_weight": 0.566845715045929,
      "mean_path_reliability": 0.5317248702049255,
      "mean_path_entropy": 1.2595815658569336,
      "inference_seconds": 0.021334599936380982,
      "inference_samples_per_second": 2999.821894520906
    },
    "config": {
      "hidden_dim": 8,
      "scales": [
        3,
        5,
        9
      ],
      "graph_top_k": 2,
      "max_paths": 4,
      "use_graph": true,
      "use_reliability": true,
      "use_path_fusion": true
    }
  }
}
