{
  "status": "ok",
  "dataset": "skab",
  "target": "anomaly",
  "task": "skab_binary_anomaly_detection",
  "variant": "no_graph",
  "seed": 42,
  "protocol": "ready_csv_causal_windows_same_backbone",
  "n_rows_total": 46806,
  "n_features": 8,
  "window_size": 48,
  "train_size": 8000,
  "val_size": 6530,
  "test_size": 8000,
  "class_id_mapping": {
    "0": 0,
    "1": 1
  },
  "class_distribution_total": {
    "0": 33739,
    "1": 13067
  },
  "evidence_prior": {
    "enabled": false,
    "mode": "none",
    "matched_edges": 0
  },
  "val_metrics": {
    "accuracy": 0.8105666156202144,
    "balanced_accuracy": 0.7902582600542234,
    "macro_f1": 0.789788401843945,
    "macro_precision": 0.7893292817275321,
    "macro_recall": 0.7902582600542234,
    "positive_f1": 0.7236989055170874,
    "positive_precision": 0.7212822796081924,
    "positive_recall": 0.7261317794710892
  },
  "test_metrics": {
    "accuracy": 0.75275,
    "balanced_accuracy": 0.7497767044256608,
    "macro_f1": 0.748449604491688,
    "macro_precision": 0.7475597869917447,
    "macro_recall": 0.7497767044256608,
    "positive_f1": 0.7155593902789761,
    "positive_precision": 0.7020316027088036,
    "positive_recall": 0.7296187683284457
  },
  "positive_threshold": 0.46,
  "thresholded_val_metrics": {
    "accuracy": 0.7921898928024502,
    "balanced_accuracy": 0.8039005349664359,
    "macro_f1": 0.7818599678560642,
    "macro_precision": 0.7773172733894704,
    "macro_recall": 0.8039005349664359,
    "positive_f1": 0.7343902916422,
    "positive_precision": 0.6518415566365532,
    "positive_recall": 0.8408785298072613
  },
  "thresholded_test_metrics": {
    "accuracy": 0.715625,
    "balanced_accuracy": 0.727940697295536,
    "macro_f1": 0.7154628093554389,
    "macro_precision": 0.7252225408579454,
    "macro_recall": 0.727940697295536,
    "positive_f1": 0.7086694839288001,
    "positive_precision": 0.6290065924073653,
    "positive_recall": 0.8114369501466275
  },
  "primary_test_metrics": {
    "accuracy": 0.715625,
    "balanced_accuracy": 0.727940697295536,
    "macro_f1": 0.7154628093554389,
    "macro_precision": 0.7252225408579454,
    "macro_recall": 0.727940697295536,
    "positive_f1": 0.7086694839288001,
    "positive_precision": 0.6290065924073653,
    "positive_recall": 0.8114369501466275
  },
  "efficiency": {
    "parameters": 66374,
    "train_seconds": 302.9115369999781,
    "train_samples_per_second": 1056.4140381355733,
    "test_inference_seconds": 2.4299394998233765,
    "test_inference_samples_per_second": 3292.263038063907
  },
  "top_evidence_paths": [
    {
      "source_index": 7,
      "target_index": 0,
      "count": 8000,
      "mean_weight": 0.3843167036593522,
      "mean_reliability": 0.23169034447916784,
      "mean_edge_weight": 0.0,
      "mean_prior_weight": 0.0,
      "source": "Volume Flow RateRMS",
      "target": "Accelerometer1RMS",
      "path": "Volume Flow RateRMS -> Accelerometer1RMS"
    },
    {
      "source_index": 7,
      "target_index": 1,
      "count": 8000,
      "mean_weight": 0.11805022068261314,
      "mean_reliability": 0.2196256693066098,
      "mean_edge_weight": 0.0,
      "mean_prior_weight": 0.0,
      "source": "Volume Flow RateRMS",
      "target": "Accelerometer2RMS",
      "path": "Volume Flow RateRMS -> Accelerometer2RMS"
    },
    {
      "source_index": 0,
      "target_index": 1,
      "count": 8000,
      "mean_weight": 0.09068346118886257,
      "mean_reliability": 0.19839466160023586,
      "mean_edge_weight": 0.0,
      "mean_prior_weight": 0.0,
      "source": "Accelerometer1RMS",
      "target": "Accelerometer2RMS",
      "path": "Accelerometer1RMS -> Accelerometer2RMS"
    },
    {
      "source_index": 4,
      "target_index": 1,
      "count": 8000,
      "mean_weight": 0.07932891669106902,
      "mean_reliability": 0.2579734347560443,
      "mean_edge_weight": 0.0,
      "mean_prior_weight": 0.0,
      "source": "Temperature",
      "target": "Accelerometer2RMS",
      "path": "Temperature -> Accelerometer2RMS"
    },
    {
      "source_index": 4,
      "target_index": 0,
      "count": 8000,
      "mean_weight": 0.07771585213256185,
      "mean_reliability": 0.11914925007417332,
      "mean_edge_weight": 0.0,
      "mean_prior_weight": 0.0,
      "source": "Temperature",
      "target": "Accelerometer1RMS",
      "path": "Temperature -> Accelerometer1RMS"
    },
    {
      "source_index": 5,
      "target_index": 0,
      "count": 8000,
      "mean_weight": 0.067218731860743,
      "mean_reliability": 0.10639033476472833,
      "mean_edge_weight": 0.0,
      "mean_prior_weight": 0.0,
      "source": "Thermocouple",
      "target": "Accelerometer1RMS",
      "path": "Thermocouple -> Accelerometer1RMS"
    },
    {
      "source_index": 1,
      "target_index": 0,
      "count": 8000,
      "mean_weight": 0.05736782763445717,
      "mean_reliability": 0.11357770764804445,
      "mean_edge_weight": 0.0,
      "mean_prior_weight": 0.0,
      "source": "Accelerometer2RMS",
      "target": "Accelerometer1RMS",
      "path": "Accelerometer2RMS -> Accelerometer1RMS"
    },
    {
      "source_index": 0,
      "target_index": 2,
      "count": 8000,
      "mean_weight": 0.028990181910969113,
      "mean_reliability": 0.1805418284907937,
      "mean_edge_weight": 0.0,
      "mean_prior_weight": 0.0,
      "source": "Accelerometer1RMS",
      "target": "Current",
      "path": "Accelerometer1RMS -> Current"
    },
    {
      "source_index": 6,
      "target_index": 0,
      "count": 8000,
      "mean_weight": 0.014264976844278862,
      "mean_reliability": 0.06492558337218361,
      "mean_edge_weight": 0.0,
      "mean_prior_weight": 0.0,
      "source": "Voltage",
      "target": "Accelerometer1RMS",
      "path": "Voltage -> Accelerometer1RMS"
    },
    {
      "source_index": 6,
      "target_index": 1,
      "count": 8000,
      "mean_weight": 0.013842812755192425,
      "mean_reliability": 0.11080386877502314,
      "mean_edge_weight": 0.0,
      "mean_prior_weight": 0.0,
      "source": "Voltage",
      "target": "Accelerometer2RMS",
      "path": "Voltage -> Accelerometer2RMS"
    },
    {
      "source_index": 5,
      "target_index": 1,
      "count": 8000,
      "mean_weight": 0.013585514024249278,
      "mean_reliability": 0.09882511200592853,
      "mean_edge_weight": 0.0,
      "mean_prior_weight": 0.0,
      "source": "Thermocouple",
      "target": "Accelerometer2RMS",
      "path": "Thermocouple -> Accelerometer2RMS"
    },
    {
      "source_index": 3,
      "target_index": 0,
      "count": 8000,
      "mean_weight": 0.013323358201651956,
      "mean_reliability": 0.08192816163983661,
      "mean_edge_weight": 0.0,
      "mean_prior_weight": 0.0,
      "source": "Pressure",
      "target": "Accelerometer1RMS",
      "path": "Pressure -> Accelerometer1RMS"
    },
    {
      "source_index": 3,
      "target_index": 7,
      "count": 8000,
      "mean_weight": 0.013318192000238583,
      "mean_reliability": 0.08495393926493125,
      "mean_edge_weight": 0.0,
      "mean_prior_weight": 0.0,
      "source": "Pressure",
      "target": "Volume Flow RateRMS",
      "path": "Pressure -> Volume Flow RateRMS"
    },
    {
      "source_index": 3,
      "target_index": 1,
      "count": 8000,
      "mean_weight": 0.010474031584161821,
      "mean_reliability": 0.11663704453018726,
      "mean_edge_weight": 0.0,
      "mean_prior_weight": 0.0,
      "source": "Pressure",
      "target": "Accelerometer2RMS",
      "path": "Pressure -> Accelerometer2RMS"
    },
    {
      "source_index": 2,
      "target_index": 0,
      "count": 8000,
      "mean_weight": 0.009005070855069335,
      "mean_reliability": 0.044429088263830636,
      "mean_edge_weight": 0.0,
      "mean_prior_weight": 0.0,
      "source": "Current",
      "target": "Accelerometer1RMS",
      "path": "Current -> Accelerometer1RMS"
    },
    {
      "source_index": 2,
      "target_index": 1,
      "count": 8000,