{
  "status": "ok",
  "dataset": "hydraulic",
  "target": "internal_pump_leakage",
  "task": "hydraulic_component_state_internal_pump_leakage",
  "variant": "full",
  "seed": 42,
  "protocol": "ready_csv_causal_windows_same_backbone",
  "n_rows_total": 2205,
  "n_features": 82,
  "window_size": 8,
  "train_size": 64,
  "val_size": 64,
  "test_size": 64,
  "class_id_mapping": {
    "0": 0,
    "1": 1,
    "2": 2
  },
  "class_distribution_total": {
    "0": 1221,
    "1": 492,
    "2": 492
  },
  "val_metrics": {
    "accuracy": 0.34375,
    "balanced_accuracy": 0.3419913419913419,
    "macro_f1": 0.31245283018867925,
    "macro_precision": 0.38913607712272896,
    "macro_recall": 0.3419913419913419,
    "positive_f1": 0.31245283018867925,
    "positive_precision": 0.38913607712272896,
    "positive_recall": 0.3419913419913419
  },
  "test_metrics": {
    "accuracy": 0.421875,
    "balanced_accuracy": 0.41847041847041844,
    "macro_f1": 0.378868258178603,
    "macro_precision": 0.4223832528180355,
    "macro_recall": 0.41847041847041844,
    "positive_f1": 0.378868258178603,
    "positive_precision": 0.4223832528180355,
    "positive_recall": 0.41847041847041844
  },
  "efficiency": {
    "parameters": 14263,
    "train_seconds": 0.06516340002417564,
    "train_samples_per_second": 982.1464192515427,
    "test_inference_seconds": 0.021413999842479825,
    "test_inference_samples_per_second": 2988.6990039591105
  },
  "diagnostics": {
    "model_family": "ms_gse_rpf",
    "parameters": 14263,
    "epochs": 1,
    "batch_size": 64,
    "loss_tail": [
      1.1272457838058472
    ],
    "val_macro_f1_history_tail": [
      0.31245283018867925
    ],
    "best_val_macro_f1": 0.31245283018867925,
    "train_seconds": 0.06516340002417564,
    "train_samples_per_second": 982.1464192515427,
    "validation_diagnostics": {
      "mean_edge_weight": 0.5672979354858398,
      "mean_path_reliability": 0.534671425819397,
      "mean_path_entropy": 1.2755258083343506,
      "inference_seconds": 0.02143999980762601,
      "inference_samples_per_second": 2985.074653649754
    },
    "test_diagnostics": {
      "mean_edge_weight": 0.5668512582778931,
      "mean_path_reliability": 0.534802258014679,
      "mean_path_entropy": 1.2513543367385864,
      "inference_seconds": 0.021413999842479825,
      "inference_samples_per_second": 2988.6990039591105
    },
    "config": {
      "hidden_dim": 8,
      "scales": [
        3,
        5,
        9
      ],
      "graph_top_k": 2,
      "max_paths": 4,
      "use_graph": true,
      "use_reliability": true,
      "use_path_fusion": true
    }
  }
}
