{
  "schema": "cmapss_rul_matched_baselines_v1",
  "overall": [
    {
      "baseline": "gru_sequence",
      "n_seeds": 1,
      "rmse_mean": 19.066727488088812,
      "rmse_std": 0.0,
      "mae_mean": 12.681637051756345,
      "mae_std": 0.0,
      "score_mean": 6969.153382106964,
      "score_std": 0.0,
      "train_seconds_mean": 4.1267348998226225
    }
  ],
  "subset_summary": [
    {
      "baseline": "gru_sequence",
      "subset": "FD001",
      "n_seeds": 1,
      "rmse_mean": 15.014313002447253,
      "rmse_std": 0.0,
      "mae_mean": 10.067430462837219,
      "score_mean": 608.9730644502714
    },
    {
      "baseline": "gru_sequence",
      "subset": "FD002",
      "n_seeds": 1,
      "rmse_mean": 21.470725451150432,
      "rmse_std": 0.0,
      "mae_mean": 14.338563344653508,
      "score_mean": 3531.9937873433537
    },
    {
      "baseline": "gru_sequence",
      "subset": "FD003",
      "n_seeds": 1,
      "rmse_mean": 13.789422162261518,
      "rmse_std": 0.0,
      "mae_mean": 9.420325736999512,
      "score_mean": 547.7342682917015
    },
    {
      "baseline": "gru_sequence",
      "subset": "FD004",
      "n_seeds": 1,
      "rmse_mean": 19.681755458946796,
      "rmse_std": 0.0,
      "mae_mean": 13.320378505414531,
      "score_mean": 2280.4522620216376
    }
  ]
}