{
  "schema": "cmapss_rul_matched_baselines_v1",
  "overall": [
    {
      "baseline": "gru_sequence",
      "n_seeds": 1,
      "rmse_mean": 18.393937340893224,
      "rmse_std": 0.0,
      "mae_mean": 12.335798581216427,
      "mae_std": 0.0,
      "score_mean": 8789.258485762817,
      "score_std": 0.0,
      "train_seconds_mean": 9.818679899908602
    }
  ],
  "subset_summary": [
    {
      "baseline": "gru_sequence",
      "subset": "FD001",
      "n_seeds": 1,
      "rmse_mean": 17.142013736779585,
      "rmse_std": 0.0,
      "mae_mean": 11.138819179534913,
      "score_mean": 1243.9982969993505
    },
    {
      "baseline": "gru_sequence",
      "subset": "FD002",
      "n_seeds": 1,
      "rmse_mean": 20.264489336960416,
      "rmse_std": 0.0,
      "mae_mean": 13.710439280653553,
      "score_mean": 4547.766119888654
    },
    {
      "baseline": "gru_sequence",
      "subset": "FD003",
      "n_seeds": 1,
      "rmse_mean": 15.809528315008537,
      "rmse_std": 0.0,
      "mae_mean": 10.099278883934021,
      "score_mean": 1230.8146368938003
    },
    {
      "baseline": "gru_sequence",
      "subset": "FD004",
      "n_seeds": 1,
      "rmse_mean": 17.787613523152782,
      "rmse_std": 0.0,
      "mae_mean": 12.284661358402621,
      "score_mean": 1766.6794319810124
    }
  ]
}