{
  "schema": "cmapss_rul_matched_baselines_v1",
  "overall": [
    {
      "baseline": "gru_sequence",
      "n_seeds": 1,
      "rmse_mean": 18.08321955267359,
      "rmse_std": 0.0,
      "mae_mean": 12.361084251457765,
      "mae_std": 0.0,
      "score_mean": 5741.184608500942,
      "score_std": 0.0,
      "train_seconds_mean": 4.383982199942693
    }
  ],
  "subset_summary": [
    {
      "baseline": "gru_sequence",
      "subset": "FD001",
      "n_seeds": 1,
      "rmse_mean": 14.891272444374476,
      "rmse_std": 0.0,
      "mae_mean": 10.494593167304993,
      "score_mean": 470.36189416336344
    },
    {
      "baseline": "gru_sequence",
      "subset": "FD002",
      "n_seeds": 1,
      "rmse_mean": 19.87245165842228,
      "rmse_std": 0.0,
      "mae_mean": 13.45285017149789,
      "score_mean": 2629.837623688851
    },
    {
      "baseline": "gru_sequence",
      "subset": "FD003",
      "n_seeds": 1,
      "rmse_mean": 14.51008632801489,
      "rmse_std": 0.0,
      "mae_mean": 9.525540447235107,
      "score_mean": 896.2098852942864
    },
    {
      "baseline": "gru_sequence",
      "subset": "FD004",
      "n_seeds": 1,
      "rmse_mean": 18.587080104552438,
      "rmse_std": 0.0,
      "mae_mean": 13.116875039954339,
      "score_mean": 1744.7752053544418
    }
  ]
}