{
  "status": "ok",
  "task": "public_benchmark_cmapss",
  "runs": [
    {
      "dataset": "cmapss",
      "seed": 42,
      "n_samples": 265256,
      "n_features": 27,
      "n_classes": 3,
      "class_id_mapping": {
        "0": 0,
        "1": 1,
        "2": 2
      },
      "train_size": 128287,
      "val_size": 32072,
      "test_size": 104897,
      "class_distribution": {
        "0": 140206,
        "1": 91625,
        "2": 33425
      },
      "main": {
        "accuracy": 0.7864381250178747,
        "balanced_accuracy": 0.748215141321392,
        "macro_f1": 0.7427703856321989,
        "macro_precision": 0.7377376011987403,
        "macro_recall": 0.748215141321392,
        "positive_f1": 0.7427703856321989,
        "positive_precision": 0.7377376011987403,
        "positive_recall": 0.748215141321392
      },
      "plain_residual_fusion": {
        "accuracy": 0.7869433825562219,
        "balanced_accuracy": 0.7488274901523958,
        "macro_f1": 0.7426480643828519,
        "macro_precision": 0.7368553949957981,
        "macro_recall": 0.7488274901523958,
        "positive_f1": 0.7426480643828519,
        "positive_precision": 0.7368553949957981,
        "positive_recall": 0.7488274901523958
      },
      "ugmc_selective_correction": {
        "accuracy": 0.7864381250178747,
        "balanced_accuracy": 0.748215141321392,
        "macro_f1": 0.7427703856321989,
        "macro_precision": 0.7377376011987403,
        "macro_recall": 0.748215141321392,
        "positive_f1": 0.7427703856321989,
        "positive_precision": 0.7377376011987403,
        "positive_recall": 0.748215141321392
      },
      "tuning": {
        "mode": "gated",
        "weight": 0.1,
        "confidence_threshold": 0.55,
        "top_k": 1,
        "score": 1.2244815821435704,
        "baseline_score": 1.2244815821435704,
        "top_candidates": [
          {
            "mode": "plain",
            "weight": 0.0,
            "score": 1.2244815821435704
          },
          {
            "mode": "gated",
            "weight": 0.0,
            "confidence_threshold": 0.55,
            "top_k": 1,
            "score": 1.2244815821435704
          },
          {
            "mode": "gated",
            "weight": 0.0,
            "confidence_threshold": 0.55,
            "top_k": 2,
            "score": 1.2244815821435704
          },
          {
            "mode": "gated",
            "weight": 0.0,
            "confidence_threshold": 0.65,
            "top_k": 1,
            "score": 1.2244815821435704
          },
          {
            "mode": "gated",
            "weight": 0.0,
            "confidence_threshold": 0.65,
            "top_k": 2,
            "score": 1.2244815821435704
          },
          {
            "mode": "gated",
            "weight": 0.0,
            "confidence_threshold": 0.75,
            "top_k": 1,
            "score": 1.2244815821435704
          },
          {
            "mode": "gated",
            "weight": 0.0,
            "confidence_threshold": 0.75,
            "top_k": 2,
            "score": 1.2244815821435704
          },
          {
            "mode": "gated",
            "weight": 0.0,
            "confidence_threshold": 0.85,
            "top_k": 1,
            "score": 1.2244815821435704
          },
          {
            "mode": "gated",
            "weight": 0.0,
            "confidence_threshold": 0.85,
            "top_k": 2,
            "score": 1.2244815821435704
          },
          {
            "mode": "gated",
            "weight": 0.1,
            "confidence_threshold": 0.55,
            "top_k": 1,
            "score": 1.2244815821435704
          },
          {
            "mode": "gated",
            "weight": 0.1,
            "confidence_threshold": 0.65,
            "top_k": 1,
            "score": 1.2244815821435704
          },
          {
            "mode": "gated",
            "weight": 0.1,
            "confidence_threshold": 0.75,
            "top_k": 1,
            "score": 1.2244815821435704
          }
        ]
      },
      "subsets": [
        "FD001",
        "FD002",
        "FD003",
        "FD004"
      ]
    }
  ]
}