{
  "status": "ok",
  "task": "public_benchmark_tep",
  "runs": [
    {
      "dataset": "tep",
      "seed": 42,
      "n_samples": 31700,
      "n_features": 52,
      "n_classes": 22,
      "train_size": 8464,
      "val_size": 2116,
      "test_size": 21120,
      "class_distribution": {
        "0": 4820,
        "1": 1280,
        "2": 1280,
        "3": 1280,
        "4": 1280,
        "5": 1280,
        "6": 1280,
        "7": 1280,
        "8": 1280,
        "9": 1280,
        "10": 1280,
        "11": 1280,
        "12": 1280,
        "13": 1280,
        "14": 1280,
        "15": 1280,
        "16": 1280,
        "17": 1280,
        "18": 1280,
        "19": 1280,
        "20": 1280,
        "21": 1280
      },
      "main": {
        "accuracy": 0.5427083333333333,
        "balanced_accuracy": 0.6103703703703706,
        "macro_f1": 0.5899770133521143,
        "macro_precision": 0.6056019460991003,
        "macro_recall": 0.6103703703703706,
        "positive_f1": 0.5899770133521143,
        "positive_precision": 0.6056019460991003,
        "positive_recall": 0.6103703703703706
      },
      "plain_residual_fusion": {
        "accuracy": 0.5447443181818182,
        "balanced_accuracy": 0.6127209595959596,
        "macro_f1": 0.5932641960160183,
        "macro_precision": 0.608666171760177,
        "macro_recall": 0.6127209595959596,
        "positive_f1": 0.5932641960160183,
        "positive_precision": 0.608666171760177,
        "positive_recall": 0.6127209595959596
      },
      "ugmc_selective_correction": {
        "accuracy": 0.5426609848484848,
        "balanced_accuracy": 0.6103135521885523,
        "macro_f1": 0.5898980597193533,
        "macro_precision": 0.6055075965398966,
        "macro_recall": 0.6103135521885523,
        "positive_f1": 0.5898980597193533,
        "positive_precision": 0.6055075965398966,
        "positive_recall": 0.6103135521885523
      },
      "tuning": {
        "mode": "gated",
        "weight": 0.1,
        "confidence_threshold": 0.55,
        "top_k": 1,
        "score": 1.333549483488476,
        "baseline_score": 1.333549483488476,
        "top_candidates": [
          {
            "mode": "plain",
            "weight": 0.0,
            "score": 1.333549483488476
          },
          {
            "mode": "gated",
            "weight": 0.0,
            "confidence_threshold": 0.55,
            "top_k": 1,
            "score": 1.333549483488476
          },
          {
            "mode": "gated",
            "weight": 0.0,
            "confidence_threshold": 0.55,
            "top_k": 2,
            "score": 1.333549483488476
          },
          {
            "mode": "gated",
            "weight": 0.0,
            "confidence_threshold": 0.65,
            "top_k": 1,
            "score": 1.333549483488476
          },
          {
            "mode": "gated",
            "weight": 0.0,
            "confidence_threshold": 0.65,
            "top_k": 2,
            "score": 1.333549483488476
          },
          {
            "mode": "gated",
            "weight": 0.0,
            "confidence_threshold": 0.75,
            "top_k": 1,
            "score": 1.333549483488476
          },
          {
            "mode": "gated",
            "weight": 0.0,
            "confidence_threshold": 0.75,
            "top_k": 2,
            "score": 1.333549483488476
          },
          {
            "mode": "gated",
            "weight": 0.0,
            "confidence_threshold": 0.85,
            "top_k": 1,
            "score": 1.333549483488476
          },
          {
            "mode": "gated",
            "weight": 0.0,
            "confidence_threshold": 0.85,
            "top_k": 2,
            "score": 1.333549483488476
          },
          {
            "mode": "gated",
            "weight": 0.1,
            "confidence_threshold": 0.55,
            "top_k": 1,
            "score": 1.333549483488476
          },
          {
            "mode": "gated",
            "weight": 0.1,
            "confidence_threshold": 0.65,
            "top_k": 1,
            "score": 1.333549483488476
          },
          {
            "mode": "gated",
            "weight": 0.1,
            "confidence_threshold": 0.75,
            "top_k": 1,
            "score": 1.333549483488476
          }
        ]
      }
    }
  ]
}