{
  "status": "ok",
  "task": "public_benchmark_skab",
  "runs": [
    {
      "dataset": "skab",
      "seed": 42,
      "n_samples": 14929,
      "n_features": 8,
      "n_classes": 2,
      "class_id_mapping": {
        "0": 0,
        "1": 1
      },
      "train_size": 6683,
      "val_size": 3381,
      "test_size": 4865,
      "class_distribution": {
        "0": 9688,
        "1": 5241
      },
      "main": {
        "accuracy": 0.8010277492291881,
        "balanced_accuracy": 0.7277159550685798,
        "macro_f1": 0.7469498486423376,
        "macro_precision": 0.8346171209299701,
        "macro_recall": 0.7277159550685798,
        "positive_f1": 0.6299694189602446,
        "positive_precision": 0.8888888888888888,
        "positive_recall": 0.48786264061574897
      },
      "plain_residual_fusion": {
        "accuracy": 0.7997944501541624,
        "balanced_accuracy": 0.7269099731109431,
        "macro_f1": 0.7458718542557646,
        "macro_precision": 0.8312528064660979,
        "macro_recall": 0.7269099731109431,
        "positive_f1": 0.6288109756097561,
        "positive_precision": 0.8823529411764706,
        "positive_recall": 0.48845470692717585
      },
      "ugmc_selective_correction": {
        "accuracy": 0.8010277492291881,
        "balanced_accuracy": 0.7277159550685798,
        "macro_f1": 0.7469498486423376,
        "macro_precision": 0.8346171209299701,
        "macro_recall": 0.7277159550685798,
        "positive_f1": 0.6299694189602446,
        "positive_precision": 0.8888888888888888,
        "positive_recall": 0.48786264061574897
      },
      "tuning": {
        "mode": "gated",
        "weight": 0.1,
        "confidence_threshold": 0.55,
        "top_k": 1,
        "score": 1.2774142383062714,
        "baseline_score": 1.2774142383062714,
        "top_candidates": [
          {
            "mode": "plain",
            "weight": 0.0,
            "score": 1.2774142383062714
          },
          {
            "mode": "gated",
            "weight": 0.0,
            "confidence_threshold": 0.55,
            "top_k": 1,
            "score": 1.2774142383062714
          },
          {
            "mode": "gated",
            "weight": 0.0,
            "confidence_threshold": 0.55,
            "top_k": 2,
            "score": 1.2774142383062714
          },
          {
            "mode": "gated",
            "weight": 0.0,
            "confidence_threshold": 0.65,
            "top_k": 1,
            "score": 1.2774142383062714
          },
          {
            "mode": "gated",
            "weight": 0.0,
            "confidence_threshold": 0.65,
            "top_k": 2,
            "score": 1.2774142383062714
          },
          {
            "mode": "gated",
            "weight": 0.0,
            "confidence_threshold": 0.75,
            "top_k": 1,
            "score": 1.2774142383062714
          },
          {
            "mode": "gated",
            "weight": 0.0,
            "confidence_threshold": 0.75,
            "top_k": 2,
            "score": 1.2774142383062714
          },
          {
            "mode": "gated",
            "weight": 0.0,
            "confidence_threshold": 0.85,
            "top_k": 1,
            "score": 1.2774142383062714
          },
          {
            "mode": "gated",
            "weight": 0.0,
            "confidence_threshold": 0.85,
            "top_k": 2,
            "score": 1.2774142383062714
          },
          {
            "mode": "gated",
            "weight": 0.1,
            "confidence_threshold": 0.55,
            "top_k": 1,
            "score": 1.2774142383062714
          },
          {
            "mode": "gated",
            "weight": 0.1,
            "confidence_threshold": 0.65,
            "top_k": 1,
            "score": 1.2774142383062714
          },
          {
            "mode": "gated",
            "weight": 0.1,
            "confidence_threshold": 0.75,
            "top_k": 1,
            "score": 1.2774142383062714
          }
        ]
      },
      "train_runs": [
        "other_14",
        "other_11",
        "other_13",
        "other_8",
        "other_10",
        "other_4"
      ],
      "val_runs": [
        "other_7",
        "other_9",
        "other_6"
      ],
      "test_runs": [
        "other_2",
        "other_3",
        "other_5",
        "other_12",
        "other_1"
      ]
    }
  ]
}