{
  "status": "ok",
  "task": "public_benchmark_hydraulic",
  "targets": [
    "cooler",
    "valve",
    "internal_pump_leakage",
    "hydraulic_accumulator"
  ],
  "runs": [
    {
      "dataset": "hydraulic",
      "seed": 42,
      "n_samples": 2205,
      "n_features": 82,
      "n_classes": 3,
      "class_id_mapping": {
        "0": 3,
        "1": 20,
        "2": 100
      },
      "train_size": 1239,
      "val_size": 414,
      "test_size": 552,
      "class_distribution": {
        "3": 732,
        "20": 732,
        "100": 741
      },
      "main": {
        "accuracy": 0.9981884057971014,
        "balanced_accuracy": 0.9981785063752276,
        "macro_f1": 0.9981931029417165,
        "macro_precision": 0.9982174688057041,
        "macro_recall": 0.9981785063752276,
        "positive_f1": 0.9981931029417165,
        "positive_precision": 0.9982174688057041,
        "positive_recall": 0.9981785063752276
      },
      "plain_residual_fusion": {
        "accuracy": 0.9981884057971014,
        "balanced_accuracy": 0.9981785063752276,
        "macro_f1": 0.9981931029417165,
        "macro_precision": 0.9982174688057041,
        "macro_recall": 0.9981785063752276,
        "positive_f1": 0.9981931029417165,
        "positive_precision": 0.9982174688057041,
        "positive_recall": 0.9981785063752276
      },
      "ugmc_selective_correction": {
        "accuracy": 0.9981884057971014,
        "balanced_accuracy": 0.9981785063752276,
        "macro_f1": 0.9981931029417165,
        "macro_precision": 0.9982174688057041,
        "macro_recall": 0.9981785063752276,
        "positive_f1": 0.9981931029417165,
        "positive_precision": 0.9982174688057041,
        "positive_recall": 0.9981785063752276
      },
      "tuning": {
        "mode": "gated",
        "weight": 0.1,
        "confidence_threshold": 0.55,
        "top_k": 1,
        "score": 1.4963677106366062,
        "baseline_score": 1.4963677106366062,
        "top_candidates": [
          {
            "mode": "plain",
            "weight": 0.0,
            "score": 1.4963677106366062
          },
          {
            "mode": "gated",
            "weight": 0.0,
            "confidence_threshold": 0.55,
            "top_k": 1,
            "score": 1.4963677106366062
          },
          {
            "mode": "gated",
            "weight": 0.0,
            "confidence_threshold": 0.55,
            "top_k": 2,
            "score": 1.4963677106366062
          },
          {
            "mode": "gated",
            "weight": 0.0,
            "confidence_threshold": 0.65,
            "top_k": 1,
            "score": 1.4963677106366062
          },
          {
            "mode": "gated",
            "weight": 0.0,
            "confidence_threshold": 0.65,
            "top_k": 2,
            "score": 1.4963677106366062
          },
          {
            "mode": "gated",
            "weight": 0.0,
            "confidence_threshold": 0.75,
            "top_k": 1,
            "score": 1.4963677106366062
          },
          {
            "mode": "gated",
            "weight": 0.0,
            "confidence_threshold": 0.75,
            "top_k": 2,
            "score": 1.4963677106366062
          },
          {
            "mode": "gated",
            "weight": 0.0,
            "confidence_threshold": 0.85,
            "top_k": 1,
            "score": 1.4963677106366062
          },
          {
            "mode": "gated",
            "weight": 0.0,
            "confidence_threshold": 0.85,
            "top_k": 2,
            "score": 1.4963677106366062
          },
          {
            "mode": "plain",
            "weight": 0.1,
            "score": 1.4963677106366062
          },
          {
            "mode": "gated",
            "weight": 0.1,
            "confidence_threshold": 0.55,
            "top_k": 1,
            "score": 1.4963677106366062
          },
          {
            "mode": "gated",
            "weight": 0.1,
            "confidence_threshold": 0.55,
            "top_k": 2,
            "score": 1.4963677106366062
          }
        ]
      },
      "target": "cooler"
    },
    {
      "dataset": "hydraulic",
      "seed": 42,
      "n_samples": 2205,
      "n_features": 82,
      "n_classes": 4,
      "class_id_mapping": {
        "0": 73,
        "1": 80,
        "2": 90,
        "3": 100
      },
      "train_size": 1239,
      "val_size": 414,
      "test_size": 552,
      "class_distribution": {
        "73": 360,
        "80": 360,
        "90": 360,
        "100": 1125
      },
      "main": {
        "accuracy": 0.9492753623188406,
        "balanced_accuracy": 0.9411347517730496,
        "macro_f1": 0.9346754572655718,
        "macro_precision": 0.9307454597836111,
        "macro_recall": 0.9411347517730496,
        "positive_f1": 0.9346754572655718,
        "positive_precision": 0.9307454597836111,
        "positive_recall": 0.9411347517730496
      },
      "plain_residual_fusion": {
        "accuracy": 0.947463768115942,
        "balanced_accuracy": 0.9440307328605202,
        "macro_f1": 0.9341422339770886,
        "macro_precision": 0.9274197593965037,
        "macro_recall": 0.9440307328605202,
        "positive_f1": 0.9341422339770886,
        "positive_precision": 0.9274197593965037,
        "positive_recall": 0.9440307328605202
      },
      "ugmc_selective_correction": {
        "accuracy": 0.947463768115942,
        "balanced_accuracy": 0.9440307328605202,
        "macro_f1": 0.9341422339770886,
        "macro_precision": 0.9274197593965037,
        "macro_recall": 0.9440307328605202,
        "positive_f1": 0.9341422339770886,
        "positive_precision": 0.9274197593965037,
        "positive_recall": 0.9440307328605202
      },
      "tuning": {
        "mode": "plain",
        "weight": 1.0,
        "score": 1.3982078337929977,
        "baseline_score": 1.3883651366395324,
        "top_candidates": [
          {
            "mode": "plain",
            "weight": 1.0,
            "score": 1.3982078337929977
          },
          {
            "mode": "gated",
            "weight": 1.0,
            "confidence_threshold": 0.55,
            "top_k": 2,
            "score": 1.3981251405372688
          },
          {
            "mode": "gated",
            "weight": 1.0,
            "confidence_threshold": 0.65,
            "top_k": 2,
            "score": 1.3981251405372688
          },
          {
            "mode": "gated",
            "weight": 1.0,
            "confidence_threshold": 0.75,
            "top_k": 2,
            "score": 1.3981251405372688
          },
          {
            "mode": "gated",
            "weight": 1.0,
            "confidence_threshold": 0.85,
            "top_k": 2,
            "score": 1.3981251405372688
          },
          {
            "mode": "plain",
            "weight": 0.25,
            "score": 1.3955936946817495
          },
          {
            "mode": "gated",
            "weight": 0.25,
            "confidence_threshold": 0.55,
            "top_k": 2,
            "score": 1.3955936946817495
          },
          {
            "mode": "gated",
            "weight": 0.25,
            "confidence_threshold": 0.65,
            "top_k": 2,
            "score": 1.3955936946817495
          },
          {
            "mode": "gated",
            "weight": 0.25,
            "confidence_threshold": 0.75,
            "top_k": 2,
            "score": 1.3955936946817495
          },
          {
            "mode": "gated",
            "weight": 0.25,
            "confidence_threshold": 0.85,
            "top_k": 2,
            "score": 1.3955936946817495
          },
          {
            "mode": "plain",
            "weight": 0.5,
            "score": 1.3929181942965372
          },
          {
            "mode": "gated",
            "weight": 0.5,
            "confidence_threshold": 0.55,
            "top_k": 2,
            "score": 1.392836494950132
          }
        ]
      },