{
  "status": "ok",
  "task": "public_benchmark_cmapss",
  "runs": [
    {
      "dataset": "cmapss",
      "seed": 42,
      "n_samples": 265256,
      "n_features": 27,
      "n_evidence_features": 120,
      "n_classes": 3,
      "knowledge_feature_diagnostics": {
        "dataset": "cmapss",
        "candidate_edges": 22,
        "generated_features": 66,
        "max_edges": 32,
        "status": "evidence_added"
      },
      "class_id_mapping": {
        "0": 0,
        "1": 1,
        "2": 2
      },
      "train_size": 128287,
      "val_size": 32072,
      "test_size": 104897,
      "class_distribution": {
        "0": 140206,
        "1": 91625,
        "2": 33425
      },
      "main": {
        "accuracy": 0.7864381250178747,
        "balanced_accuracy": 0.748215141321392,
        "macro_f1": 0.7427703856321989,
        "macro_precision": 0.7377376011987403,
        "macro_recall": 0.748215141321392,
        "positive_f1": 0.7427703856321989,
        "positive_precision": 0.7377376011987403,
        "positive_recall": 0.748215141321392
      },
      "plain_residual_fusion": {
        "accuracy": 0.7829394548938482,
        "balanced_accuracy": 0.7493419885197147,
        "macro_f1": 0.7396441029868678,
        "macro_precision": 0.7309338563100628,
        "macro_recall": 0.7493419885197147,
        "positive_f1": 0.7396441029868678,
        "positive_precision": 0.7309338563100628,
        "positive_recall": 0.7493419885197147
      },
      "ugmc_selective_correction": {
        "accuracy": 0.7829394548938482,
        "balanced_accuracy": 0.7493419885197147,
        "macro_f1": 0.7396441029868678,
        "macro_precision": 0.7309338563100628,
        "macro_recall": 0.7493419885197147,
        "positive_f1": 0.7396441029868678,
        "positive_precision": 0.7309338563100628,
        "positive_recall": 0.7493419885197147
      },
      "tuning": {
        "mode": "plain",
        "weight": 0.25,
        "score": 1.2261344011066724,
        "baseline_score": 1.2244815821435704,
        "top_candidates": [
          {
            "mode": "plain",
            "weight": 0.25,
            "score": 1.2261344011066724
          },
          {
            "mode": "gated",
            "weight": 0.25,
            "confidence_threshold": 0.55,
            "top_k": 2,
            "score": 1.2260544068572825
          },
          {
            "mode": "gated",
            "weight": 0.25,
            "confidence_threshold": 0.65,
            "top_k": 2,
            "score": 1.2260544068572825
          },
          {
            "mode": "gated",
            "weight": 0.25,
            "confidence_threshold": 0.75,
            "top_k": 2,
            "score": 1.2260544068572825
          },
          {
            "mode": "gated",
            "weight": 0.25,
            "confidence_threshold": 0.85,
            "top_k": 2,
            "score": 1.2260544068572825
          },
          {
            "mode": "plain",
            "weight": 0.1,
            "score": 1.2256256424440135
          },
          {
            "mode": "gated",
            "weight": 0.1,
            "confidence_threshold": 0.55,
            "top_k": 2,
            "score": 1.2253344164281772
          },
          {
            "mode": "gated",
            "weight": 0.1,
            "confidence_threshold": 0.65,
            "top_k": 2,
            "score": 1.2253344164281772
          },
          {
            "mode": "gated",
            "weight": 0.1,
            "confidence_threshold": 0.75,
            "top_k": 2,
            "score": 1.2253344164281772
          },
          {
            "mode": "gated",
            "weight": 0.1,
            "confidence_threshold": 0.85,
            "top_k": 2,
            "score": 1.2253344164281772
          },
          {
            "mode": "plain",
            "weight": 0.0,
            "score": 1.2244815821435704
          },
          {
            "mode": "gated",
            "weight": 0.0,
            "confidence_threshold": 0.55,
            "top_k": 1,
            "score": 1.2244815821435704
          }
        ]
      },
      "subsets": [
        "FD001",
        "FD002",
        "FD003",
        "FD004"
      ]
    }
  ]
}