{
  "status": "ok",
  "task": "public_benchmark_tep",
  "runs": [
    {
      "dataset": "tep",
      "seed": 42,
      "n_samples": 31700,
      "n_features": 52,
      "n_evidence_features": 200,
      "n_classes": 22,
      "knowledge_feature_diagnostics": {
        "dataset": "tep",
        "candidate_edges": 32,
        "generated_features": 96,
        "max_edges": 32,
        "status": "evidence_added"
      },
      "class_id_mapping": {
        "0": 0,
        "1": 1,
        "2": 2,
        "3": 3,
        "4": 4,
        "5": 5,
        "6": 6,
        "7": 7,
        "8": 8,
        "9": 9,
        "10": 10,
        "11": 11,
        "12": 12,
        "13": 13,
        "14": 14,
        "15": 15,
        "16": 16,
        "17": 17,
        "18": 18,
        "19": 19,
        "20": 20,
        "21": 21
      },
      "train_size": 8464,
      "val_size": 2116,
      "test_size": 21120,
      "class_distribution": {
        "0": 4820,
        "1": 1280,
        "2": 1280,
        "3": 1280,
        "4": 1280,
        "5": 1280,
        "6": 1280,
        "7": 1280,
        "8": 1280,
        "9": 1280,
        "10": 1280,
        "11": 1280,
        "12": 1280,
        "13": 1280,
        "14": 1280,
        "15": 1280,
        "16": 1280,
        "17": 1280,
        "18": 1280,
        "19": 1280,
        "20": 1280,
        "21": 1280
      },
      "main": {
        "accuracy": 0.5428030303030303,
        "balanced_accuracy": 0.6104840067340068,
        "macro_f1": 0.5900730661318314,
        "macro_precision": 0.6056714668129376,
        "macro_recall": 0.6104840067340068,
        "positive_f1": 0.5900730661318314,
        "positive_precision": 0.6056714668129376,
        "positive_recall": 0.6104840067340068
      },
      "plain_residual_fusion": {
        "accuracy": 0.5451231060606061,
        "balanced_accuracy": 0.6132218013468014,
        "macro_f1": 0.5937527203025028,
        "macro_precision": 0.6096776577466275,
        "macro_recall": 0.6132218013468014,
        "positive_f1": 0.5937527203025028,
        "positive_precision": 0.6096776577466275,
        "positive_recall": 0.6132218013468014
      },
      "ugmc_selective_correction": {
        "accuracy": 0.5427556818181818,
        "balanced_accuracy": 0.6104271885521886,
        "macro_f1": 0.5899851505702199,
        "macro_precision": 0.6055608126654392,
        "macro_recall": 0.6104271885521886,
        "positive_f1": 0.5899851505702199,
        "positive_precision": 0.6055608126654392,
        "positive_recall": 0.6104271885521886
      },
      "tuning": {
        "mode": "gated",
        "weight": 0.1,
        "confidence_threshold": 0.55,
        "top_k": 1,
        "score": 1.335072224361053,
        "baseline_score": 1.335072224361053,
        "top_candidates": [
          {
            "mode": "plain",
            "weight": 0.0,
            "score": 1.335072224361053
          },
          {
            "mode": "gated",
            "weight": 0.0,
            "confidence_threshold": 0.55,
            "top_k": 1,
            "score": 1.335072224361053
          },
          {
            "mode": "gated",
            "weight": 0.0,
            "confidence_threshold": 0.55,
            "top_k": 2,
            "score": 1.335072224361053
          },
          {
            "mode": "gated",
            "weight": 0.0,
            "confidence_threshold": 0.65,
            "top_k": 1,
            "score": 1.335072224361053
          },
          {
            "mode": "gated",
            "weight": 0.0,
            "confidence_threshold": 0.65,
            "top_k": 2,
            "score": 1.335072224361053
          },
          {
            "mode": "gated",
            "weight": 0.0,
            "confidence_threshold": 0.75,
            "top_k": 1,
            "score": 1.335072224361053
          },
          {
            "mode": "gated",
            "weight": 0.0,
            "confidence_threshold": 0.75,
            "top_k": 2,
            "score": 1.335072224361053
          },
          {
            "mode": "gated",
            "weight": 0.0,
            "confidence_threshold": 0.85,
            "top_k": 1,
            "score": 1.335072224361053
          },
          {
            "mode": "gated",
            "weight": 0.0,
            "confidence_threshold": 0.85,
            "top_k": 2,
            "score": 1.335072224361053
          },
          {
            "mode": "gated",
            "weight": 0.1,
            "confidence_threshold": 0.55,
            "top_k": 1,
            "score": 1.335072224361053
          },
          {
            "mode": "gated",
            "weight": 0.1,
            "confidence_threshold": 0.65,
            "top_k": 1,
            "score": 1.335072224361053
          },
          {
            "mode": "gated",
            "weight": 0.1,
            "confidence_threshold": 0.75,
            "top_k": 1,
            "score": 1.335072224361053
          }
        ]
      }
    }
  ]
}