{
  "status": "ok",
  "task": "public_benchmark_skab",
  "runs": [
    {
      "dataset": "skab",
      "seed": 42,
      "n_samples": 46806,
      "n_features": 8,
      "n_evidence_features": 34,
      "n_classes": 2,
      "knowledge_feature_diagnostics": {
        "dataset": "skab",
        "candidate_edges": 6,
        "generated_features": 18,
        "max_edges": 32,
        "status": "evidence_added"
      },
      "class_id_mapping": {
        "0": 0,
        "1": 1
      },
      "train_size": 28443,
      "val_size": 6550,
      "test_size": 11813,
      "class_distribution": {
        "0": 33739,
        "1": 13067
      },
      "main": {
        "accuracy": 0.8560907474815881,
        "balanced_accuracy": 0.8455740179513127,
        "macro_f1": 0.8438857014567175,
        "macro_precision": 0.8423238001712954,
        "macro_recall": 0.8455740179513127,
        "positive_f1": 0.800235017626322,
        "positive_precision": 0.7916763543362009,
        "positive_recall": 0.8089807555238774
      },
      "plain_residual_fusion": {
        "accuracy": 0.8498264623719631,
        "balanced_accuracy": 0.84261753295617,
        "macro_f1": 0.8382758894251843,
        "macro_precision": 0.8347586236203621,
        "macro_recall": 0.84261753295617,
        "positive_f1": 0.7950554528650647,
        "positive_precision": 0.7737800764560377,
        "positive_recall": 0.8175338560228083
      },
      "ugmc_selective_correction": {
        "accuracy": 0.8498264623719631,
        "balanced_accuracy": 0.84261753295617,
        "macro_f1": 0.8382758894251843,
        "macro_precision": 0.8347586236203621,
        "macro_recall": 0.84261753295617,
        "positive_f1": 0.7950554528650647,
        "positive_precision": 0.7737800764560377,
        "positive_recall": 0.8175338560228083
      },
      "tuning": {
        "mode": "gated",
        "weight": 1.0,
        "confidence_threshold": 0.75,
        "top_k": 2,
        "score": 1.2004152932034344,
        "baseline_score": 1.1467752793909078,
        "top_candidates": [
          {
            "mode": "gated",
            "weight": 1.0,
            "confidence_threshold": 0.75,
            "top_k": 2,
            "score": 1.2004152932034344
          },
          {
            "mode": "plain",
            "weight": 1.0,
            "score": 1.2002605031273785
          },
          {
            "mode": "gated",
            "weight": 1.0,
            "confidence_threshold": 0.85,
            "top_k": 2,
            "score": 1.2002605031273785
          },
          {
            "mode": "gated",
            "weight": 1.0,
            "confidence_threshold": 0.65,
            "top_k": 2,
            "score": 1.1978975404449765
          },
          {
            "mode": "plain",
            "weight": 0.5,
            "score": 1.1944937631658306
          },
          {
            "mode": "gated",
            "weight": 0.5,
            "confidence_threshold": 0.65,
            "top_k": 2,
            "score": 1.1944937631658306
          },
          {
            "mode": "gated",
            "weight": 0.5,
            "confidence_threshold": 0.75,
            "top_k": 2,
            "score": 1.1944937631658306
          },
          {
            "mode": "gated",
            "weight": 0.5,
            "confidence_threshold": 0.85,
            "top_k": 2,
            "score": 1.1944937631658306
          },
          {
            "mode": "plain",
            "weight": 0.25,
            "score": 1.178097945743091
          },
          {
            "mode": "gated",
            "weight": 0.25,
            "confidence_threshold": 0.65,
            "top_k": 2,
            "score": 1.178097945743091
          },
          {
            "mode": "gated",
            "weight": 0.25,
            "confidence_threshold": 0.75,
            "top_k": 2,
            "score": 1.178097945743091
          },
          {
            "mode": "gated",
            "weight": 0.25,
            "confidence_threshold": 0.85,
            "top_k": 2,
            "score": 1.178097945743091
          }
        ]
      },
      "train_runs": [
        "other_4",
        "valve1_6",
        "other_11",
        "anomaly-free_anomaly-free",
        "valve1_0",
        "valve1_10",
        "valve1_7",
        "other_7",
        "valve1_14",
        "other_6",
        "other_9",
        "valve2_2",
        "other_10",
        "other_12",
        "valve2_1",
        "other_1",
        "other_8",
        "other_3"
      ],
      "val_runs": [
        "valve1_2",
        "valve2_0",
        "valve1_11",
        "other_14",
        "valve1_5",
        "valve1_15"
      ],
      "test_runs": [
        "valve1_4",
        "valve1_1",
        "valve1_3",
        "other_13",
        "valve1_9",
        "valve1_13",
        "valve2_3",
        "other_2",
        "other_5",
        "valve1_8",
        "valve1_12"
      ]
    }
  ]
}