{
  "schema": "cmapss_rul_matched_baselines_v1",
  "overall": [
    {
      "baseline": "gru_sequence",
      "n_seeds": 1,
      "rmse_mean": 17.86543429093065,
      "rmse_std": 0.0,
      "mae_mean": 11.846229071664338,
      "mae_std": 0.0,
      "score_mean": 6043.314769628749,
      "score_std": 0.0,
      "train_seconds_mean": 4.298701799940318
    }
  ],
  "subset_summary": [
    {
      "baseline": "gru_sequence",
      "subset": "FD001",
      "n_seeds": 1,
      "rmse_mean": 14.837391798755926,
      "rmse_std": 0.0,
      "mae_mean": 10.000681409835815,
      "score_mean": 696.8755271103533
    },
    {
      "baseline": "gru_sequence",
      "subset": "FD002",
      "n_seeds": 1,
      "rmse_mean": 20.13293318360702,
      "rmse_std": 0.0,
      "mae_mean": 13.413277764117856,
      "score_mean": 3029.5230637984523
    },
    {
      "baseline": "gru_sequence",
      "subset": "FD003",
      "n_seeds": 1,
      "rmse_mean": 13.944589033917387,
      "rmse_std": 0.0,
      "mae_mean": 8.840447654724121,
      "score_mean": 887.9808401268235
    },
    {
      "baseline": "gru_sequence",
      "subset": "FD004",
      "n_seeds": 1,
      "rmse_mean": 17.8720920685397,
      "rmse_std": 0.0,
      "mae_mean": 12.16585526735552,
      "score_mean": 1428.93533859312
    }
  ]
}