{
  "schema": "cmapss_rul_matched_baselines_v1",
  "overall": [
    {
      "baseline": "lstm_sequence",
      "n_seeds": 1,
      "rmse_mean": 45.384769157272146,
      "rmse_std": 0.0,
      "mae_mean": 36.54879774231216,
      "mae_std": 0.0,
      "score_mean": 229178.5565996489,
      "score_std": 0.0,
      "train_seconds_mean": 0.333477099891752
    }
  ],
  "subset_summary": [
    {
      "baseline": "lstm_sequence",
      "subset": "FD001",
      "n_seeds": 1,
      "rmse_mean": 35.5787648465132,
      "rmse_std": 0.0,
      "mae_mean": 30.767261962890625,
      "score_mean": 3180.384601070282
    },
    {
      "baseline": "lstm_sequence",
      "subset": "FD002",
      "n_seeds": 1,
      "rmse_mean": 48.369738239233676,
      "rmse_std": 0.0,
      "mae_mean": 38.543924618871976,
      "score_mean": 129261.47761908257
    },
    {
      "baseline": "lstm_sequence",
      "subset": "FD003",
      "n_seeds": 1,
      "rmse_mean": 33.40969715821411,
      "rmse_std": 0.0,
      "mae_mean": 28.39862377166748,
      "score_mean": 2989.9891134722175
    },
    {
      "baseline": "lstm_sequence",
      "subset": "FD004",
      "n_seeds": 1,
      "rmse_mean": 49.6801184990494,
      "rmse_std": 0.0,
      "mae_mean": 40.08280223415744,
      "score_mean": 93746.70526602383
    }
  ]
}