{
  "schema": "cmapss_rul_matched_baselines_v1",
  "overall": [
    {
      "baseline": "gru_sequence",
      "n_seeds": 1,
      "rmse_mean": 17.936800105415255,
      "rmse_std": 0.0,
      "mae_mean": 12.116945133856701,
      "mae_std": 0.0,
      "score_mean": 5492.666430500376,
      "score_std": 0.0,
      "train_seconds_mean": 4.48001529998146
    }
  ],
  "subset_summary": [
    {
      "baseline": "gru_sequence",
      "subset": "FD001",
      "n_seeds": 1,
      "rmse_mean": 14.753833488910951,
      "rmse_std": 0.0,
      "mae_mean": 10.298294939994811,
      "score_mean": 518.0154565174993
    },
    {
      "baseline": "gru_sequence",
      "subset": "FD002",
      "n_seeds": 1,
      "rmse_mean": 19.171191364467475,
      "rmse_std": 0.0,
      "mae_mean": 12.66192915264704,
      "score_mean": 2335.241967093444
    },
    {
      "baseline": "gru_sequence",
      "subset": "FD003",
      "n_seeds": 1,
      "rmse_mean": 16.10245315359499,
      "rmse_std": 0.0,
      "mae_mean": 10.899561433792114,
      "score_mean": 927.316990159427
    },
    {
      "baseline": "gru_sequence",
      "subset": "FD004",
      "n_seeds": 1,
      "rmse_mean": 18.466877977534207,
      "rmse_std": 0.0,
      "mae_mean": 12.7719956521065,
      "score_mean": 1712.0920167300055
    }
  ]
}