{
  "schema": "cmapss_rul_matched_baselines_v1",
  "overall": [
    {
      "baseline": "gru_sequence",
      "n_seeds": 1,
      "rmse_mean": 17.775756774045313,
      "rmse_std": 0.0,
      "mae_mean": 11.66021096149968,
      "mae_std": 0.0,
      "score_mean": 5189.150755474564,
      "score_std": 0.0,
      "train_seconds_mean": 4.3557899000588804
    }
  ],
  "subset_summary": [
    {
      "baseline": "gru_sequence",
      "subset": "FD001",
      "n_seeds": 1,
      "rmse_mean": 14.336375209329153,
      "rmse_std": 0.0,
      "mae_mean": 9.781705327033997,
      "score_mean": 559.5313205295446
    },
    {
      "baseline": "gru_sequence",
      "subset": "FD002",
      "n_seeds": 1,
      "rmse_mean": 19.888639449747377,
      "rmse_std": 0.0,
      "mae_mean": 13.07245109992598,
      "score_mean": 2457.8324911638165
    },
    {
      "baseline": "gru_sequence",
      "subset": "FD003",
      "n_seeds": 1,
      "rmse_mean": 13.353602041225937,
      "rmse_std": 0.0,
      "mae_mean": 8.62794246673584,
      "score_mean": 640.8808581215659
    },
    {
      "baseline": "gru_sequence",
      "subset": "FD004",
      "n_seeds": 1,
      "rmse_mean": 18.245808418389505,
      "rmse_std": 0.0,
      "mae_mean": 12.165481998074439,
      "score_mean": 1530.906085659638
    }
  ]
}