{
  "schema": "cmapss_rul_matched_baselines_v1",
  "overall": [
    {
      "baseline": "gru_sequence",
      "n_seeds": 1,
      "rmse_mean": 17.58400087249829,
      "rmse_std": 0.0,
      "mae_mean": 11.847057882090438,
      "mae_std": 0.0,
      "score_mean": 5499.280186119511,
      "score_std": 0.0,
      "train_seconds_mean": 4.428812100086361
    }
  ],
  "subset_summary": [
    {
      "baseline": "gru_sequence",
      "subset": "FD001",
      "n_seeds": 1,
      "rmse_mean": 15.743829632888295,
      "rmse_std": 0.0,
      "mae_mean": 10.893327984809876,
      "score_mean": 910.0724296676359
    },
    {
      "baseline": "gru_sequence",
      "subset": "FD002",
      "n_seeds": 1,
      "rmse_mean": 19.20039638250646,
      "rmse_std": 0.0,
      "mae_mean": 13.027099408698358,
      "score_mean": 2109.9097187127563
    },
    {
      "baseline": "gru_sequence",
      "subset": "FD003",
      "n_seeds": 1,
      "rmse_mean": 14.675738112728595,
      "rmse_std": 0.0,
      "mae_mean": 9.354336876869201,
      "score_mean": 1050.5166659474003
    },
    {
      "baseline": "gru_sequence",
      "subset": "FD004",
      "n_seeds": 1,
      "rmse_mean": 17.59720605535791,
      "rmse_std": 0.0,
      "mae_mean": 12.004373748456278,
      "score_mean": 1428.7813717917181
    }
  ]
}