{
  "val": {
    "accuracy": 0.9517388741526672,
    "balanced_accuracy": 0.9567226300322351,
    "macro_f1": 0.9492822261949179,
    "weighted_f1": 0.9520818343797786,
    "classification_report": {
      "正常": {
        "precision": 0.9025631703326668,
        "recall": 0.9765932336742722,
        "f1-score": 0.9381199811053378,
        "support": 5084.0
      },
      "异常": {
        "precision": 0.9852558542931483,
        "recall": 0.9368520263901979,
        "f1-score": 0.9604444712844978,
        "support": 8488.0
      },
      "accuracy": 0.9517388741526672,
      "macro avg": {
        "precision": 0.9439095123129075,
        "recall": 0.9567226300322351,
        "f1-score": 0.9492822261949179,
        "support": 13572.0
      },
      "weighted avg": {
        "precision": 0.9542796086952196,
        "recall": 0.9517388741526672,
        "f1-score": 0.9520818343797786,
        "support": 13572.0
      }
    },
    "roc_auc": 0.9883441801671595,
    "pr_auc": 0.9933812773776848
  },
  "test": {
    "accuracy": 0.9443797805121383,
    "balanced_accuracy": 0.948854114808195,
    "macro_f1": 0.9435766693123477,
    "weighted_f1": 0.9446265902954886,
    "classification_report": {
      "正常": {
        "precision": 0.8994018488308864,
        "recall": 0.9775413711583925,
        "f1-score": 0.9368450863777966,
        "support": 5076.0
      },
      "异常": {
        "precision": 0.9824911687912763,
        "recall": 0.9201668584579977,
        "f1-score": 0.9503082522468989,
        "support": 6952.0
      },
      "accuracy": 0.9443797805121383,
      "macro avg": {
        "precision": 0.9409465088110813,
        "recall": 0.948854114808195,
        "f1-score": 0.9435766693123477,
        "support": 12028.0
      },
      "weighted avg": {
        "precision": 0.9474262046975833,
        "recall": 0.9443797805121383,
        "f1-score": 0.9446265902954886,
        "support": 12028.0
      }
    },
    "roc_auc": 0.9873530506610225,
    "pr_auc": 0.9913425193209287
  }
}