{
  "labels": [
    "拉速/塞棒/流量控制异常",
    "无品质异常",
    "液面波动/卷渣风险异常",
    "温度/保护渣质量异常",
    "结晶器传热不均异常",
    "过程参数波动异常"
  ],
  "val": {
    "accuracy": 0.8920571765399352,
    "balanced_accuracy": 0.9019464060666804,
    "macro_f1": 0.8284364004042329,
    "weighted_f1": 0.8943855188615892,
    "classification_report": {
      "拉速/塞棒/流量控制异常": {
        "precision": 0.5483870967741935,
        "recall": 0.9333333333333333,
        "f1-score": 0.690856313497823,
        "support": 510.0
      },
      "无品质异常": {
        "precision": 0.9059064654369294,
        "recall": 0.9563335955940204,
        "f1-score": 0.9304372787293081,
        "support": 5084.0
      },
      "液面波动/卷渣风险异常": {
        "precision": 0.9170943545203316,
        "recall": 0.8856271444910407,
        "f1-score": 0.9010861132660978,
        "support": 2623.0
      },
      "温度/保护渣质量异常": {
        "precision": 0.9493578870850496,
        "recall": 0.8316705582678837,
        "f1-score": 0.8866259334691107,
        "support": 4711.0
      },
      "结晶器传热不均异常": {
        "precision": 0.6097560975609756,
        "recall": 1.0,
        "f1-score": 0.7575757575757576,
        "support": 50.0
      },
      "过程参数波动异常": {
        "precision": 0.8033613445378152,
        "recall": 0.8047138047138047,
        "f1-score": 0.8040370058873002,
        "support": 594.0
      },
      "accuracy": 0.8920571765399352,
      "macro avg": {
        "precision": 0.7889772076525493,
        "recall": 0.9019464060666804,
        "f1-score": 0.8284364004042329,
        "support": 13572.0
      },
      "weighted avg": {
        "precision": 0.9041374765056143,
        "recall": 0.8920571765399352,
        "f1-score": 0.8943855188615892,
        "support": 13572.0
      }
    }
  },
  "test": {
    "accuracy": 0.8940804788826072,
    "balanced_accuracy": 0.9110213429392037,
    "macro_f1": 0.8502053054288039,
    "weighted_f1": 0.8948340482151698,
    "classification_report": {
      "拉速/塞棒/流量控制异常": {
        "precision": 0.5493716337522442,
        "recall": 0.95625,
        "f1-score": 0.6978335233751425,
        "support": 320.0
      },
      "无品质异常": {
        "precision": 0.9018201875344732,
        "recall": 0.9663120567375887,
        "f1-score": 0.9329529243937232,
        "support": 5076.0
      },
      "液面波动/卷渣风险异常": {
        "precision": 0.8817635270541082,
        "recall": 0.903954802259887,
        "f1-score": 0.8927212782145575,
        "support": 1947.0
      },
      "温度/保护渣质量异常": {
        "precision": 0.9568616097278517,
        "recall": 0.8004359409057883,
        "f1-score": 0.8716866675458262,
        "support": 4129.0
      },
      "结晶器传热不均异常": {
        "precision": 0.7717391304347826,
        "recall": 1.0,
        "f1-score": 0.8711656441717791,
        "support": 71.0
      },
      "过程参数波动异常": {
        "precision": 0.8306122448979592,
        "recall": 0.8391752577319588,
        "f1-score": 0.8348717948717949,
        "support": 485.0
      },
      "accuracy": 0.8940804788826072,
      "macro avg": {
        "precision": 0.8153613889002366,
        "recall": 0.9110213429392037,
        "f1-score": 0.8502053054288039,
        "support": 12028.0
      },
      "weighted avg": {
        "precision": 0.9044524264634797,
        "recall": 0.8940804788826072,
        "f1-score": 0.8948340482151698,
        "support": 12028.0
      }
    }
  }
}