{
  "schema": "cmapss_rul_matched_baselines_v1",
  "overall": [
    {
      "baseline": "gru_sequence",
      "n_seeds": 3,
      "rmse_mean": 18.061742134161992,
      "rmse_std": 0.36207622950472945,
      "mae_mean": 12.064823664566752,
      "mae_std": 0.21225717288915966,
      "score_mean": 6525.4598370911945,
      "score_std": 744.192785148096,
      "train_seconds_mean": 4.337980966626977
    }
  ],
  "subset_summary": [
    {
      "baseline": "gru_sequence",
      "subset": "FD001",
      "n_seeds": 3,
      "rmse_mean": 15.165707577046541,
      "rmse_std": 0.9203366729706661,
      "mae_mean": 10.425275101661683,
      "score_mean": 656.3080031717718
    },
    {
      "baseline": "gru_sequence",
      "subset": "FD002",
      "n_seeds": 3,
      "rmse_mean": 19.75500308795535,
      "rmse_std": 0.39822571920097466,
      "mae_mean": 12.93553381874448,
      "score_mean": 3173.426402553901
    },
    {
      "baseline": "gru_sequence",
      "subset": "FD003",
      "n_seeds": 3,
      "rmse_mean": 15.223682737993736,
      "rmse_std": 0.6162852917219858,
      "mae_mean": 9.954155071576436,
      "score_mean": 1095.6278814747732
    },
    {
      "baseline": "gru_sequence",
      "subset": "FD004",
      "n_seeds": 3,
      "rmse_mean": 18.32149836169563,
      "rmse_std": 0.530588203763485,
      "mae_mean": 12.667677638992187,
      "score_mean": 1600.0975498907476
    }
  ]
}