{
  "status": "ok",
  "task": "skab_external_reconstruction_baselines",
  "protocol": "run_level_skab_reconstruction_anomaly_baselines",
  "methods": [
    "anomaly_transformer"
  ],
  "seeds": [
    42,
    43,
    44
  ],
  "window_size": 16,
  "epochs": 3,
  "hidden_dim": 32,
  "association_weight": 0.1,
  "runs": [
    {
      "seed": 42,
      "train_runs": [
        "other_4",
        "valve1_6",
        "other_11",
        "anomaly-free_anomaly-free",
        "valve1_0",
        "valve1_10",
        "valve1_7",
        "other_7",
        "valve1_14",
        "other_6",
        "other_9",
        "valve2_2",
        "other_10",
        "other_12",
        "valve2_1",
        "other_1",
        "other_8",
        "other_3"
      ],
      "val_runs": [
        "valve1_2",
        "valve2_0",
        "valve1_11",
        "other_14",
        "valve1_5",
        "valve1_15"
      ],
      "test_runs": [
        "valve1_4",
        "valve1_1",
        "valve1_3",
        "other_13",
        "valve1_9",
        "valve1_13",
        "valve2_3",
        "other_2",
        "other_5",
        "valve1_8",
        "valve1_12"
      ],
      "n_train_windows": 21824,
      "n_val_windows": 6550,
      "n_test_windows": 11813,
      "anomaly_transformer": {
        "metrics": {
          "accuracy": 0.5086768814018454,
          "balanced_accuracy": 0.5158889626684834,
          "macro_f1": 0.5011083465187179,
          "macro_precision": 0.5146012097874534,
          "macro_recall": 0.5158889626684834,
          "positive_f1": 0.439660166055223,
          "positive_precision": 0.370304114490161,
          "positive_recall": 0.5409836065573771
        },
        "protocol": {
          "binary": {
            "f1": 0.439660166055223,
            "precision": 0.370304114490161,
            "recall": 0.5409836065573771,
            "far_percent": 50.92056812204103,
            "mar_percent": 45.90163934426229
          },
          "point_adjusted": {
            "f1": 1.0,
            "detected_runs": 11,
            "anomalous_runs": 11
          },
          "right_window_changepoint": {
            "window_steps": 60,
            "detected_runs": 11,
            "anomalous_runs": 11
          }
        },
        "threshold_tuning": {
          "threshold": 0.2658122589811683,
          "f1": 0.40768951759158506,
          "scale": 0.029057588614523455,
          "score_min": 0.00595952058210969,
          "score_max": 0.5639081239700318
        },
        "diagnostics": {
          "model": "anomaly_transformer_style_association_discrepancy",
          "epochs": 3,
          "hidden_dim": 32,
          "association_weight": 0.1,
          "loss_final": 0.1651893561316091,
          "reconstruction_loss_final": 0.049018829194612284,
          "association_loss_final": 2.3234105082445367,
          "loss_history": [
            0.48512081039506333,
            0.22468310282673948,
            0.1651893561316091
          ],
          "score_components": {
            "val_reconstruction_mean": 0.03530116024825238,
            "val_association_mean": 2.2937540369608107,
            "test_reconstruction_mean": 0.12306350368060645,
            "test_association_mean": 2.291422865556042
          }
        },
        "score_summary": {
          "val_mean": 0.2646765639443334,
          "test_mean": 0.3522057902362106,
          "test_p95": 0.8005946540832515
        }
      }
    },
    {
      "seed": 43,
      "train_runs": [
        "other_3",
        "other_6",
        "anomaly-free_anomaly-free",
        "valve1_15",
        "valve1_2",
        "valve2_2",
        "valve1_9",
        "other_4",
        "other_9",
        "valve1_10",
        "valve1_14",
        "other_12",
        "valve1_4",
        "valve1_13",
        "valve2_0",
        "valve1_0",
        "valve2_1",
        "other_11"
      ],
      "val_runs": [
        "valve1_8",
        "other_5",
        "valve2_3",
        "valve1_6",
        "valve1_7",
        "other_10"
      ],
      "test_runs": [
        "valve1_1",
        "valve1_3",
        "valve1_12",
        "other_1",
        "valve1_11",
        "valve1_5",
        "other_13",
        "other_8",
        "other_7",
        "other_14",
        "other_2"
      ],
      "n_train_windows": 22049,
      "n_val_windows": 6869,
      "n_test_windows": 11318,
      "anomaly_transformer": {
        "metrics": {
          "accuracy": 0.5107792896271426,
          "balanced_accuracy": 0.5155351452505095,
          "macro_f1": 0.50022157473873,
          "macro_precision": 0.5140334579836144,
          "macro_recall": 0.5155351452505095,
          "positive_f1": 0.42758192908094694,
          "positive_precision": 0.35797126536264495,
          "positive_recall": 0.5308008213552361
        },
        "protocol": {
          "binary": {
            "f1": 0.42758192908094694,
            "precision": 0.35797126536264495,
            "recall": 0.5308008213552361,
            "far_percent": 49.97305308542172,
            "mar_percent": 46.91991786447639
          },
          "point_adjusted": {
            "f1": 1.0,
            "detected_runs": 11,
            "anomalous_runs": 11
          },
          "right_window_changepoint": {
            "window_steps": 60,
            "detected_runs": 11,
            "anomalous_runs": 11
          }
        },
        "threshold_tuning": {
          "threshold": 0.28243108093738556,
          "f1": 0.47713717693836977,
          "scale": 0.029510395973920855,
          "score_min": 0.004513908177614212,
          "score_max": 2.2658448457717895
        },
        "diagnostics": {
          "model": "anomaly_transformer_style_association_discrepancy",
          "epochs": 3,
          "hidden_dim": 32,
          "association_weight": 0.1,
          "loss_final": 0.18264400410926204,
          "reconstruction_loss_final": 0.06646113645756381,
          "association_loss_final": 2.3236573180933107,
          "loss_history": [
            0.4866315191504599,
            0.24149176152958268,
            0.18264400410926204
          ],
          "score_components": {
            "val_reconstruction_mean": 0.15220174415203533,
            "val_association_mean": 2.2943199205553015,
            "test_reconstruction_mean": 0.09786782860332965,
            "test_association_mean": 2.2796770915617035
          }
        },
        "score_summary": {
          "val_mean": 0.3816337362075655,
          "test_mean": 0.3258355377595,
          "test_p95": 0.462723133563995
        }
      }
    },
    {
      "seed": 44,
      "train_runs": [
        "other_12",
        "other_11",
        "other_5",
        "other_6",
        "valve2_3",
        "valve1_4",
        "valve1_14",
        "other_10",
        "valve1_12",
        "valve1_15",
        "valve1_11",
        "valve1_10",
        "valve1_7",
        "other_13",
        "other_1",
        "other_9",
        "other_14",
        "other_2"
      ],
      "val_runs": [
        "valve2_1",
        "valve1_13",
        "valve1_8",
        "other_4",
        "valve2_2",
        "other_8"
      ],
      "test_runs": [
        "valve1_2",
        "other_3",
        "valve1_6",
        "valve2_0",
        "valve1_5",
        "valve1_0",
        "valve1_3",
        "valve1_9",
        "other_7",
        "valve1_1",
        "anomaly-free_anomaly-free"
      ],
      "n_train_windows": 12415,
      "n_val_windows": 6814,
      "n_test_windows": 20728,
      "anomaly_transformer": {
        "metrics": {
          "accuracy": 0.3596101891161714,
          "balanced_accuracy": 0.44511894545287817,
          "macro_f1": 0.34662622452607017,
          "macro_precision": 0.46206559059840424,
          "macro_recall": 0.44511894545287817,
          "positive_f1": 0.25452094799505787,
          "positive_precision": 0.16286925896643428,
          "positive_recall": 0.5820703827382482
        },
        "protocol": {
          "binary": {
            "f1": 0.25452094799505787,