{
  "schema": "cmapss_rul_matched_baselines_v1",
  "overall": [
    {
      "baseline": "gru_sequence",
      "n_seeds": 1,
      "rmse_mean": 18.116399874244042,
      "rmse_std": 0.0,
      "mae_mean": 12.228411463396215,
      "mae_std": 0.0,
      "score_mean": 5646.387695096775,
      "score_std": 0.0,
      "train_seconds_mean": 4.562288600020111
    }
  ],
  "subset_summary": [
    {
      "baseline": "gru_sequence",
      "subset": "FD001",
      "n_seeds": 1,
      "rmse_mean": 15.199051489833284,
      "rmse_std": 0.0,
      "mae_mean": 10.579459199905395,
      "score_mean": 580.5699827726735
    },
    {
      "baseline": "gru_sequence",
      "subset": "FD002",
      "n_seeds": 1,
      "rmse_mean": 19.171342900568952,
      "rmse_std": 0.0,
      "mae_mean": 12.59366649458307,
      "score_mean": 2409.692301259701
    },
    {
      "baseline": "gru_sequence",
      "subset": "FD003",
      "n_seeds": 1,
      "rmse_mean": 16.265980076788217,
      "rmse_std": 0.0,
      "mae_mean": 11.067896423339844,
      "score_mean": 905.1453436911314
    },
    {
      "baseline": "gru_sequence",
      "subset": "FD004",
      "n_seeds": 1,
      "rmse_mean": 18.760792661360476,
      "rmse_std": 0.0,
      "mae_mean": 12.979805323385424,
      "score_mean": 1750.9800673732693
    }
  ]
}