{
  "schema": "cmapss_rul_matched_baselines_v1",
  "overall": [
    {
      "baseline": "lstm_sequence",
      "n_seeds": 3,
      "rmse_mean": 21.652053761486993,
      "rmse_std": 0.21692821080598781,
      "mae_mean": 14.192272317347692,
      "mae_std": 0.13595312333371,
      "score_mean": 9679.965381654756,
      "score_std": 571.699699665949,
      "train_seconds_mean": 4.0048982334168
    }
  ],
  "subset_summary": [
    {
      "baseline": "lstm_sequence",
      "subset": "FD001",
      "n_seeds": 3,
      "rmse_mean": 14.344451930154984,
      "rmse_std": 0.5365091538158377,
      "mae_mean": 10.607122130393982,
      "score_mean": 344.40827360566806
    },
    {
      "baseline": "lstm_sequence",
      "subset": "FD002",
      "n_seeds": 3,
      "rmse_mean": 23.790274210137852,
      "rmse_std": 0.3546619447114139,
      "mae_mean": 15.500682287694865,
      "score_mean": 5070.356253679981
    },
    {
      "baseline": "lstm_sequence",
      "subset": "FD003",
      "n_seeds": 3,
      "rmse_mean": 13.789921388467201,
      "rmse_std": 1.0112384212295364,
      "mae_mean": 9.825484244028727,
      "score_mean": 455.15005758270917
    },
    {
      "baseline": "lstm_sequence",
      "subset": "FD004",
      "n_seeds": 3,
      "rmse_mean": 24.191285984306536,
      "rmse_std": 0.1359314951011692,
      "mae_mean": 16.032254751651518,
      "score_mean": 3810.050796786396
    }
  ]
}